0,1,2,3,4,5,6,7,8,9,label,label_name
-0.46800533,1.5498229,-0.9956315,0.3547568,1.1664553,-0.14554368,-1.2380719,-0.8819501,1.1515292,-0.49336264,0,PV
-0.6320082,1.6151962,-0.6160302,-0.33092508,1.0931747,-0.48250985,-1.0459757,-0.6997889,1.5208583,-0.42199117,0,PV
-0.54219323,1.2683489,-1.2298841,0.7736132,1.0778607,0.10552408,-1.2131557,-0.9560882,1.1232146,-0.40723887,0,PV
-0.6182557,1.6601366,-0.8950417,0.19000778,0.97481394,-0.29930228,-1.2098719,-0.8327869,1.3203139,-0.29001313,0,PV
-0.5431966,1.2661002,-1.2282873,0.78088933,1.0789156,0.09940343,-1.2097224,-0.9567734,1.1233807,-0.4107086,0,PV
-0.53567415,1.2739512,-1.2411832,0.7619078,1.0711627,0.13101624,-1.2131382,-0.9560731,1.1182383,-0.41020745,0,PV
1.6986445,0.21612471,0.47988477,0.8420598,0.22361623,0.6130822,-1.2395831,-0.77164,-1.5024551,-0.55973387,0,PV
-0.5442888,1.2670327,-1.2253349,0.78031194,1.0804249,0.09332552,-1.2096372,-0.9561835,1.1250814,-0.41073215,0,PV
-0.5416622,1.2743182,-1.2299806,0.75749314,1.0771037,0.11287785,-1.2201356,-0.9542694,1.1242099,-0.39995548,0,PV
-0.57040596,1.5771548,-1.098208,0.5581187,1.0042083,-0.042319212,-1.2546595,-0.91451836,1.0684044,-0.3277733,0,PV
-0.4936402,1.4630964,-1.0725079,0.5246411,1.0798342,-0.08656848,-1.2406557,-0.9051546,1.1994234,-0.46846792,0,PV
-0.48624235,1.4746867,-1.05412,0.50638163,1.085822,-0.10064024,-1.238767,-0.9032063,1.2022656,-0.48617956,0,PV
-0.53980625,1.2733696,-1.2329931,0.7615074,1.0751132,0.11879785,-1.2177634,-0.9555486,1.1214511,-0.4041278,0,PV
-0.55187124,1.4290202,-1.1665242,0.68590134,1.0432823,0.0028064034,-1.21321,-0.9402005,1.1054591,-0.39466286,0,PV
-0.54138863,1.4285429,-1.1785246,0.6577751,1.0446578,-0.0020642213,-1.2041484,-0.9294665,1.1293955,-0.40477875,0,PV
-0.45044807,1.6401856,-0.961437,0.334168,1.2855136,-0.12718612,-1.2033882,-0.8884829,0.92572033,-0.554647,0,PV
-0.5547319,1.5318211,-1.1235411,0.62534225,1.0153785,-0.05088152,-1.2154517,-0.9277008,1.0833781,-0.3836115,0,PV
-0.5202749,1.5813451,-1.103539,0.5311799,1.0016074,-0.090349644,-1.207188,-0.90205765,1.1275493,-0.4182728,0,PV
0.15508738,1.6451992,-0.6736279,0.38059354,1.2520453,0.0017053835,-1.6066867,-0.9723976,0.43794277,-0.6198619,0,PV
-0.49341676,1.639943,-1.0415511,0.4441053,0.9975867,-0.14456466,-1.2143286,-0.8869228,1.1443576,-0.44520873,0,PV
-0.3731731,1.641796,-0.72672,-0.22225516,1.0725605,-0.5177835,-0.85404336,-0.797094,1.507028,-0.73031545,0,PV
-0.5432495,1.2662544,-1.2273763,0.7803626,1.0791293,0.09861745,-1.2104836,-0.9568241,1.1237401,-0.4101711,0,PV
-0.5214958,1.5309775,-1.1168618,0.56263286,1.0214489,-0.06938744,-1.211006,-0.9097421,1.1388233,-0.42538896,0,PV
1.2700032,1.0326273,0.02326089,0.6511154,0.8066324,0.37166178,-1.7817454,-0.95712894,-0.79080087,-0.62562984,0,PV
-0.55085814,1.4175558,-1.1722937,0.6906554,1.0463703,0.008660979,-1.2120333,-0.94068813,1.1089793,-0.39634955,0,PV
-0.5391968,1.2809888,-1.2291669,0.73978263,1.076838,0.11529266,-1.2255845,-0.9522539,1.1281034,-0.39480296,0,PV
-0.4379019,1.6599545,-0.9375172,0.27431116,1.2664175,-0.15404834,-1.2210721,-0.87952673,0.9611139,-0.5317329,0,PV
0.7843076,1.4480413,-0.31461707,0.47594288,1.0776631,0.16879562,-1.8119769,-1.0203998,-0.15693222,-0.6508299,0,PV
-0.5484621,1.3187456,-1.2059804,0.7461574,1.068969,0.075802185,-1.2214572,-0.95322293,1.1150795,-0.3956313,0,PV
-0.5629303,1.5506237,-1.1125466,0.5628206,1.0125787,-0.028087618,-1.2558607,-0.9159955,1.0821632,-0.33276546,0,PV
-0.5070957,1.6131222,-1.0719832,0.48886722,0.9977283,-0.1185417,-1.2111175,-0.8943792,1.1355788,-0.43217903,0,PV
0.91756576,1.3543979,-0.23286928,0.52993387,1.0221808,0.22779603,-1.8259137,-1.013085,-0.3297224,-0.6502749,0,PV
-0.5350218,1.2794518,-1.2372414,0.7464155,1.0727617,0.12677224,-1.2188779,-0.95442444,1.1236445,-0.40348163,0,PV
0.41463923,1.5817442,-0.54180574,0.4389053,1.2020116,0.07095679,-1.7113552,-1.0048167,0.19338824,-0.6436685,0,PV
-0.53875786,1.2749354,-1.2344729,0.7575778,1.0743399,0.12172096,-1.2182885,-0.9549184,1.1217065,-0.40384302,0,PV
-0.49718642,1.5975418,-1.0541042,0.47376004,1.01502,-0.12824744,-1.2200186,-0.89293426,1.1541008,-0.44793156,0,PV
-0.4852784,1.5843987,-1.004184,0.35809383,1.2249845,-0.12344213,-1.2118218,-0.8805228,1.0477664,-0.5099967,0,PV
-0.54387677,1.3335088,-1.2070781,0.6990878,1.0678403,0.08626029,-1.2364225,-0.9457321,1.1251211,-0.378709,0,PV
-0.5410557,1.2676065,-1.2333972,0.77636486,1.0759495,0.11214918,-1.2112066,-0.95664483,1.1205481,-0.4103139,0,PV
0.037272513,1.6369684,-0.72083765,0.4258484,1.2784064,-0.027267858,-1.5427072,-0.9711681,0.51315373,-0.6296705,0,PV
1.1442806,1.1723901,-0.078286655,0.6013023,0.881413,0.3392934,-1.8163127,-0.9768767,-0.6229176,-0.64429444,0,PV
-0.5322019,1.4651577,-1.1495234,0.61467534,1.0386386,-0.03308395,-1.2133093,-0.9183258,1.1419857,-0.41401276,0,PV
-0.5363744,1.4420633,-1.1728792,0.64366424,1.0421312,-0.009075817,-1.2020537,-0.9277783,1.1320201,-0.4117184,0,PV
-0.55465204,1.3647879,-1.1893958,0.71715975,1.0588685,0.056796357,-1.22827,-0.94766283,1.1057264,-0.38335854,0,PV
-0.54421717,1.2911903,-1.2140605,0.7691661,1.0769544,0.07283309,-1.2076275,-0.95432204,1.1247028,-0.4146194,0,PV
-0.54488015,1.292737,-1.2179775,0.7574479,1.0748678,0.08898129,-1.2175179,-0.954634,1.1213763,-0.40040106,0,PV
-0.54670674,1.3517736,-1.1968194,0.72739464,1.063845,0.038064774,-1.2070887,-0.94477755,1.1234255,-0.4091108,0,PV
-0.4797857,1.5435103,-1.0297203,0.44690642,1.0621452,-0.13255502,-1.2360955,-0.8928466,1.195409,-0.47696877,0,PV
0.08002088,1.6304238,-0.7068833,0.43380147,1.2726138,-0.007959713,-1.573435,-0.9677079,0.4685363,-0.62940943,0,PV
-0.54489374,1.2729532,-1.2226053,0.7771803,1.0793557,0.089561574,-1.2104532,-0.95583713,1.1243865,-0.4096475,0,PV
-0.43023497,1.6517406,-0.94713587,0.30711776,1.2762797,-0.1282476,-1.227713,-0.88593435,0.9282667,-0.54413974,0,PV
-0.47478244,1.5211688,-1.0340552,0.44994834,1.084378,-0.124351315,-1.2280883,-0.8996519,1.1986398,-0.4932062,0,PV
-0.46072912,1.6531299,-0.95045346,0.29088518,1.2690585,-0.1526893,-1.1968181,-0.88234,0.9665643,-0.53660685,0,PV
-0.5630076,1.477774,-1.1407285,0.657116,1.0312965,-0.005242772,-1.2325075,-0.936926,1.0813739,-0.3691481,0,PV
-0.54131377,1.2699554,-1.2338555,0.76904476,1.0760009,0.11399255,-1.2138668,-0.9554227,1.1217157,-0.4062511,0,PV
-0.4984775,1.6720855,-1.0442032,0.44038418,0.9781988,-0.15134215,-1.2068025,-0.883394,1.1259773,-0.4324263,0,PV
0.21288,1.6328824,-0.64584225,0.39518094,1.2426549,0.018454837,-1.6341797,-0.9793974,0.38434008,-0.6269653,0,PV
-0.616243,1.651675,-0.8915847,0.18633027,0.97652483,-0.3036831,-1.2109013,-0.83180994,1.3316581,-0.29196623,0,PV
-0.27024052,1.6862192,-0.8562192,0.24770604,1.2625549,-0.1312618,-1.3557856,-0.898767,0.85864353,-0.5428497,0,PV
-0.53990865,1.2797383,-1.2285804,0.74309176,1.0768656,0.11502488,-1.2253236,-0.9529639,1.127209,-0.39515293,0,PV
-0.6012065,1.6841984,-0.9354169,0.27314356,0.9187435,-0.24296777,-1.2231975,-0.85395026,1.2786819,-0.29802856,0,PV
-0.5257715,1.5576131,-1.1208677,0.5549101,1.007526,-0.073229484,-1.2047137,-0.90737045,1.1255639,-0.41365921,0,PV
-0.55450046,1.4085231,-1.1723716,0.7023258,1.0495063,0.017747616,-1.2175599,-0.94371706,1.1013341,-0.39128792,0,PV
-0.5585646,1.5657355,-1.1050334,0.6083779,1.0056708,-0.06885659,-1.2187791,-0.9228931,1.0720614,-0.37771899,0,PV
-0.6221504,1.6535422,-0.8538499,0.12342386,0.9962191,-0.33265224,-1.1980568,-0.82221454,1.3532952,-0.29755607,0,PV
-0.53674114,1.2800105,-1.233243,0.74397874,1.0744339,0.12185247,-1.222155,-0.9538287,1.1254295,-0.39973664,0,PV
-0.5596445,1.4592533,-1.1535488,0.6327321,1.0370202,0.020440172,-1.2470188,-0.93208534,1.096261,-0.35340956,0,PV
1.7202382,0.10485697,0.5251543,0.8311351,0.14483005,0.6517108,-1.15775,-0.7136312,-1.5772465,-0.5292907,0,PV
-0.5483583,1.3431373,-1.2019932,0.7010934,1.0651227,0.07923218,-1.2371594,-0.94421494,1.1198908,-0.3767499,0,PV
-0.5515053,1.3655195,-1.1929296,0.69123626,1.0597782,0.06809479,-1.2382239,-0.94350266,1.1138046,-0.37227187,0,PV
-0.5595452,1.4478856,-1.1539835,0.6794069,1.0392212,0.0050779833,-1.2264051,-0.9411196,1.0881522,-0.3786913,0,PV
-0.5469236,1.2984475,-1.2148523,0.76111907,1.0742614,0.07701753,-1.2127683,-0.9531305,1.1211679,-0.404338,0,PV
-0.5223023,1.5889156,-1.1069533,0.5302809,0.99693215,-0.09026276,-1.2040937,-0.9020124,1.1224796,-0.41298375,0,PV
-0.55613166,1.4216685,-1.1640861,0.69875646,1.046024,0.013386254,-1.220303,-0.9454857,1.0945207,-0.38834962,0,PV
-0.52691615,1.4771826,-1.135258,0.59825456,1.0387435,-0.044201095,-1.216189,-0.91574836,1.1471566,-0.42302555,0,PV
-0.46067828,1.5842501,-0.96535146,0.28632784,1.1775964,-0.1774339,-1.2417961,-0.8699254,1.147306,-0.480297,0,PV
1.5610868,0.63291746,0.29081598,0.70594615,0.5090544,0.52048475,-1.5881412,-0.84785044,-1.2211785,-0.56314176,0,PV
-0.5326645,1.4571469,-1.1573248,0.62635916,1.040886,-0.024149263,-1.2067995,-0.9231133,1.1375767,-0.4179164,0,PV
-0.5301522,1.566443,-1.1251973,0.5550011,1.0025675,-0.072693214,-1.2038641,-0.90426964,1.1176903,-0.40552506,0,PV
-0.5555436,1.38061,-1.1850611,0.70107484,1.0553929,0.05205612,-1.2319943,-0.94408906,1.1050823,-0.37752777,0,PV
-0.5415406,1.4016287,-1.1851718,0.6763817,1.0523374,0.007877447,-1.2059964,-0.93143725,1.1333783,-0.40745732,0,PV
-0.49886197,1.6002932,-1.0139627,0.39289087,1.2679019,-0.10145926,-1.1797745,-0.8890425,0.9588492,-0.5368335,0,PV
1.6932319,0.12921144,0.49836046,0.8064599,0.15870464,0.6955123,-1.1924771,-0.6732565,-1.6033752,-0.5123636,0,PV
-0.5201502,1.483169,-1.1158266,0.57757646,1.0440035,-0.059366617,-1.2246318,-0.9104375,1.1583225,-0.43265784,0,PV
-0.49201414,1.5101013,-1.0557569,0.495606,1.0648353,-0.1078985,-1.2357819,-0.8986221,1.1898891,-0.4703586,0,PV
-0.54368436,1.2698314,-1.2228943,0.779799,1.0814226,0.085793994,-1.2061076,-0.955753,1.127224,-0.41563195,0,PV
-0.53732854,1.2685915,-1.2416177,0.7754007,1.0713993,0.12841304,-1.2091177,-0.95690274,1.115847,-0.41468513,0,PV
-0.51241356,1.5175096,-1.1028376,0.55510116,1.0361141,-0.07477541,-1.2158688,-0.90984696,1.1519412,-0.44492453,0,PV
-0.5421444,1.2694409,-1.2264818,0.77098095,1.0784565,0.103834055,-1.215861,-0.9568935,1.124146,-0.40547836,0,PV
-0.38539737,1.6373906,-0.9340189,0.36430103,1.2948282,-0.10348243,-1.2629665,-0.8975137,0.86324495,-0.57638425,0,PV
-0.5686318,1.5435327,-1.1116028,0.59877956,1.0134728,-0.030281805,-1.2453,-0.9247629,1.07067,-0.34587473,0,PV
-0.553564,1.4927225,-1.1450468,0.6424731,1.0267441,-0.029276403,-1.2139652,-0.928435,1.0957268,-0.38737908,0,PV
-0.5843731,1.6568727,-1.0364841,0.4629088,0.94273424,-0.115846045,-1.2485378,-0.89424354,1.126221,-0.30925277,0,PV
-0.33224994,1.6679813,-0.89758813,0.28900322,1.2740397,-0.11660401,-1.315899,-0.8912345,0.86964715,-0.5470949,0,PV
-0.558182,1.4016768,-1.1753006,0.70097333,1.0500536,0.033624128,-1.2278391,-0.9438718,1.0978197,-0.37895414,0,PV
-0.5530494,1.3986883,-1.1800982,0.6665339,1.0524284,0.05157019,-1.2426913,-0.93806523,1.110284,-0.36560073,0,PV
1.6253785,0.5138356,0.3621235,0.7072936,0.40537116,0.57512647,-1.4908864,-0.8063411,-1.336496,-0.55540425,0,PV
-0.5610114,1.5909597,-1.0907823,0.59577507,0.9975983,-0.08454435,-1.2205015,-0.9185977,1.0648403,-0.37373522,0,PV
-0.31815696,1.668704,-0.89119065,0.2924835,1.2754464,-0.11186605,-1.3284912,-0.8928315,0.85521054,-0.5493056,0,PV
1.7064594,0.03913088,0.53247154,0.81894267,0.0973997,0.71104366,-1.1091418,-0.6456563,-1.6486877,-0.5019596,0,PV
1.6645886,0.3234974,0.4265508,0.7671423,0.28781563,0.64168763,-1.3543019,-0.7417182,-1.4790803,-0.5361746,0,PV
-0.5597648,1.4689066,-1.1485462,0.6683927,1.0339315,-0.01598795,-1.2190106,-0.9349658,1.0896256,-0.3825806,0,PV
1.1646876,1.1512244,-0.063775085,0.6085172,0.87126803,0.34711778,-1.8105143,-0.9733723,-0.6543437,-0.64081526,0,PV
-0.56217206,1.4528989,-1.1505021,0.68041813,1.037762,-0.00037615703,-1.2267859,-0.93967086,1.0858406,-0.37741145,0,PV
-0.59488374,1.6756335,-0.9570374,0.31170404,0.8996214,-0.2169068,-1.2350062,-0.8584965,1.2722194,-0.29684794,0,PV
1.6740607,0.35258502,0.4401479,0.7748066,0.31473917,0.578349,-1.3833302,-0.78199965,-1.4213173,-0.54802513,0,PV
1.6765941,0.3353943,0.43740082,0.74561596,0.29298905,0.6217874,-1.3674754,-0.7518501,-1.4645929,-0.52585065,0,PV
-0.48689312,1.5906879,-1.0040907,0.36007744,1.2368938,-0.12300494,-1.2031199,-0.88363844,1.0278457,-0.5147579,0,PV
-0.6230412,1.5514652,-0.7017195,-0.12113526,1.1559516,-0.5487192,-0.9501095,-0.7133864,1.5234017,-0.57270694,0,PV
1.5833923,0.59119636,0.31688312,0.6998082,0.46774513,0.5519372,-1.557611,-0.82465404,-1.2689695,-0.5597319,0,PV
1.6927487,-0.12157662,0.577294,0.86186606,-0.007412006,0.75152546,-0.95087135,-0.5822219,-1.730572,-0.49079072,0,PV
1.7093158,-0.1898794,0.60917073,0.8807106,-0.05450014,0.73480463,-0.87336254,-0.59143794,-1.7309,-0.49392435,0,PV
1.7159334,-0.14201254,0.593862,0.8794302,-0.02206075,0.72176594,-0.9190033,-0.6191374,-1.7046571,-0.50413126,0,PV
-0.10431187,1.6505636,-0.792216,0.3947932,1.2909914,-0.058927212,-1.4544822,-0.95538163,0.6399733,-0.61100066,0,PV
-0.54624957,1.3459191,-1.2033365,0.7269037,1.0650837,0.04655022,-1.2065663,-0.94587666,1.123376,-0.4058028,0,PV
-0.5387498,1.2740312,-1.2356433,0.76003087,1.073965,0.12268763,-1.2169374,-0.9550983,1.1208798,-0.40516478,0,PV
-0.36336538,1.6439738,-0.930195,0.35947588,1.2925678,-0.08972245,-1.2836709,-0.8979189,0.8421843,-0.5733279,0,PV
-0.5501028,1.4283532,-1.1669621,0.6360515,1.0457221,0.035949763,-1.2493315,-0.93215805,1.112155,-0.35967657,0,PV
-0.5431528,1.2902775,-1.2217718,0.7337642,1.076713,0.10465712,-1.229784,-0.9499978,1.128141,-0.3888459,0,PV
-0.54103386,1.2675622,-1.2336944,0.77623785,1.0760821,0.11121894,-1.2105945,-0.9565246,1.1210885,-0.41034245,0,PV
-0.55045885,1.3225297,-1.2079674,0.73417854,1.0689433,0.07944518,-1.226357,-0.9484762,1.1164393,-0.38827738,0,PV
0.995571,1.3299993,-0.17867012,0.5060123,0.9802499,0.23747125,-1.8291351,-1.0129282,-0.38404253,-0.6445457,0,PV
-0.55937916,1.537065,-1.1159884,0.6292996,1.0144476,-0.05339368,-1.2193502,-0.92954,1.075562,-0.37872335,0,PV
-0.54674584,1.3130863,-1.2127073,0.723291,1.0716765,0.09250284,-1.232357,-0.9479591,1.1230878,-0.38387522,0,PV
-0.54937893,1.371801,-1.1914567,0.6800349,1.0589873,0.0658659,-1.2403193,-0.94118094,1.1165736,-0.37092635,0,PV
-0.54781574,1.3150265,-1.2090491,0.7541916,1.071023,0.065742835,-1.2106155,-0.9520291,1.1190215,-0.4054963,0,PV
-0.64120466,1.650322,-0.69356984,-0.13108706,1.0602977,-0.42706376,-1.1676247,-0.734665,1.4280748,-0.34347948,0,PV
-0.5429334,1.269627,-1.2286363,0.7729652,1.0799626,0.09649935,-1.2097851,-0.95541203,1.1258861,-0.40817323,0,PV
-0.6232988,1.6559417,-0.840091,0.10371576,1.0000327,-0.3392515,-1.193439,-0.8210855,1.3594252,-0.3019493,0,PV
1.444945,0.8181996,0.18880035,0.70400995,0.65353715,0.42380634,-1.6928006,-0.9146815,-1.0139463,-0.61186755,0,PV
-0.4008842,1.6345817,-0.94143176,0.37484157,1.2955341,-0.11173187,-1.2321306,-0.9119522,0.8735553,-0.5803791,0,PV
0.41496512,1.5623811,-0.5421656,0.48241773,1.207686,0.082608104,-1.7112559,-1.0070227,0.16287467,-0.65249413,0,PV
0.029599853,1.6586596,-0.7368516,0.3661246,1.2713636,-0.026096834,-1.5445344,-0.9538689,0.54068846,-0.6050883,0,PV
0.17080675,1.658707,-0.6619151,0.34434623,1.233689,-0.0037440623,-1.6197281,-0.9708865,0.4550308,-0.6063129,0,PV
-0.5505115,1.3332059,-1.203104,0.7342172,1.0668406,0.06874344,-1.2226106,-0.9492804,1.1139706,-0.39147148,0,PV
1.6963087,0.08959841,0.5159233,0.8134351,0.13018759,0.7044059,-1.1544511,-0.6584839,-1.6270077,-0.50990796,0,PV
1.7276213,0.11205186,0.5311958,0.81768346,0.14537853,0.6449897,-1.1620944,-0.7155064,-1.5725051,-0.52883047,0,PV
1.7022233,-0.23165998,0.6163524,0.8923883,-0.08175621,0.7452083,-0.8285661,-0.5767052,-1.746524,-0.49096447,0,PV
1.0958872,1.2671168,-0.107875146,0.51313055,0.92595565,0.2662309,-1.8249822,-1.0054818,-0.49343532,-0.6365545,0,PV
-0.5413553,1.2660184,-1.2334766,0.78099406,1.0762458,0.10944381,-1.2084857,-0.95720315,1.1204776,-0.41265905,0,PV
-0.5293273,1.4867191,-1.1397506,0.5974621,1.0330569,-0.044015937,-1.21239,-0.91563916,1.1410617,-0.41717675,0,PV
-0.53991807,1.2754607,-1.2325549,0.75552756,1.0753816,0.11887286,-1.2198799,-0.95444083,1.122916,-0.4013646,0,PV
-0.53511244,1.2698964,-1.2453629,0.77335334,1.0694429,0.13497256,-1.2074715,-0.9573516,1.1143987,-0.4167655,0,PV
-0.5481463,1.3333018,-1.2038286,0.74166185,1.0671296,0.054205198,-1.2092171,-0.9493529,1.1194621,-0.40521625,0,PV
-0.547518,1.3742806,-1.1927227,0.7088508,1.0585122,0.030203313,-1.2071276,-0.9423927,1.1212558,-0.40334126,0,PV
-0.5304708,1.4974562,-1.144206,0.5983362,1.0283115,-0.04162332,-1.2062961,-0.9165375,1.1317987,-0.4167686,0,PV
-0.544756,1.2761122,-1.2240728,0.77418303,1.0792122,0.08684682,-1.2075088,-0.9548015,1.1253898,-0.41060612,0,PV
-0.5367384,1.639075,-1.0684627,0.51102674,0.95989156,-0.1277137,-1.205261,-0.8993866,1.1249195,-0.39735022,0,PV
1.593481,0.5616283,0.3260213,0.71351475,0.4459084,0.56710756,-1.5281732,-0.8172434,-1.3001692,-0.5620613,0,PV
-0.5403031,1.3100132,-1.216219,0.7102801,1.0731181,0.09837159,-1.2340242,-0.9480747,1.130534,-0.38369742,0,PV
-0.5453877,1.349041,-1.2010554,0.72694784,1.064908,0.04261259,-1.2037888,-0.94686294,1.1234572,-0.409872,0,PV
-0.55428684,1.4221842,-1.1705884,0.64912516,1.0467309,0.040294945,-1.2456613,-0.9350215,1.1071436,-0.35992074,0,PV
-0.5507285,1.3745018,-1.1886992,0.71779346,1.0573316,0.03310557,-1.212195,-0.94545513,1.1127247,-0.39837915,0,PV
-0.5358881,1.2869397,-1.2253894,0.72154397,1.0777934,0.11112207,-1.2310177,-0.9509714,1.1353339,-0.389466,0,PV
-0.5633089,1.5719708,-1.101404,0.54678994,1.0062841,-0.04070173,-1.2584642,-0.91169876,1.0783597,-0.32782644,0,PV
-0.48020554,1.6170127,-0.9807731,0.30996037,1.2371079,-0.14095587,-1.2103205,-0.87482613,1.0294237,-0.50642574,0,PV
-0.56132495,1.4680686,-1.1483128,0.62921363,1.0349056,0.015147442,-1.2478564,-0.9314156,1.0933697,-0.3517952,0,PV
-0.6443265,1.6169276,-0.635151,-0.25933942,1.0671846,-0.46855202,-1.1084852,-0.6857917,1.5121297,-0.39459604,0,PV
-0.5755312,1.6437722,-1.0513803,0.48404488,0.9640189,-0.09688518,-1.2528082,-0.8994546,1.1000338,-0.31581038,0,PV
0.9135957,1.38535,-0.2343264,0.4887971,1.0164496,0.21055384,-1.827692,-1.0163237,-0.29069597,-0.64570814,0,PV
1.7137973,0.16176459,0.50890046,0.8118602,0.18265387,0.63813406,-1.2152869,-0.72495973,-1.5477852,-0.5290834,0,PV
-0.568497,1.6211809,-1.06619,0.4962436,0.976676,-0.082141474,-1.2596562,-0.89969134,1.0991769,-0.31710142,0,PV
-0.53456867,1.2660499,-1.2556856,0.7846927,1.0670307,0.14137208,-1.1956742,-0.95743144,1.1102017,-0.42598662,0,PV
1.5379168,0.6989496,0.26297152,0.67740506,0.5338614,0.5186279,-1.6122369,-0.8600591,-1.1795263,-0.57790637,0,PV
-0.5386485,1.265928,-1.2428296,0.7821271,1.0715493,0.12642005,-1.2055489,-0.95694214,1.1151601,-0.4172147,0,PV
-0.48464426,1.4795249,-1.0502849,0.4898694,1.0862412,-0.10534214,-1.2418102,-0.90027916,1.2075721,-0.48084715,0,PV
-0.5543811,1.3898021,-1.1791971,0.71168494,1.0543166,0.030715,-1.2201488,-0.94568723,1.1029012,-0.39000565,0,PV
-0.5491903,1.3310535,-1.2036437,0.74298614,1.0679713,0.059493512,-1.2137803,-0.95041686,1.115805,-0.40027833,0,PV
1.2335807,1.093447,-0.0070990385,0.6104345,0.837222,0.34922832,-1.7978125,-0.9684124,-0.72562754,-0.6249666,0,PV
-0.26991463,1.6630043,-0.87366974,0.32360026,1.285143,-0.090560794,-1.3665006,-0.90084654,0.79623663,-0.566491,0,PV
-0.16288637,1.6756173,-0.81850225,0.30971286,1.2759683,-0.07925798,-1.4361535,-0.91840833,0.72798264,-0.57407296,0,PV
-0.5455756,1.2898086,-1.2170027,0.7643848,1.0749818,0.0865889,-1.2161353,-0.9552651,1.1209619,-0.40274724,0,PV
-0.36760864,1.6632632,-0.9114823,0.29201454,1.278354,-0.12685773,-1.2852114,-0.8869512,0.8913638,-0.5468869,0,PV
0.77282447,1.4006217,-0.31285474,0.57616603,1.0929773,0.17129867,-1.8002515,-1.0237007,-0.20009542,-0.67698354,0,PV
-0.53699404,1.2675047,-1.233002,0.780164,1.0747765,0.112411544,-1.2084105,-0.9588271,1.1199751,-0.4175985,0,PV
0.82830054,1.3918661,-0.29098928,0.545876,1.0688643,0.18931864,-1.8103986,-1.0221716,-0.24094696,-0.65971696,0,PV
1.6269426,0.42934644,0.39295685,0.7826872,0.36188155,0.5868072,-1.437886,-0.7771933,-1.3847533,-0.58079016,1,SST
-0.52547264,1.334665,-1.1931983,0.76587814,1.0579044,0.04534705,-1.212007,-0.9469729,1.117402,-0.44354534,1,SST
-0.5778316,1.655639,-0.8884834,0.23875679,0.9366231,-0.2998263,-1.1975045,-0.84408945,1.3508872,-0.37417108,1,SST
-0.59840053,1.5656838,-0.60907865,-0.3044497,1.1442816,-0.51881593,-1.0088468,-0.70168066,1.5419111,-0.5106044,1,SST
-0.5395399,1.6430951,-0.7103776,-0.20915988,1.1038675,-0.50601625,-0.8549548,-0.7481504,1.4965012,-0.6752648,1,SST
-0.5998593,1.5764223,-0.60078657,-0.30252028,1.1306299,-0.5185989,-1.0156448,-0.703028,1.5403148,-0.5069292,1,SST
-0.40264714,1.6530101,-0.8974457,0.32340842,1.2603223,-0.17562048,-1.2574027,-0.8750316,0.94743335,-0.5760241,1,SST
-0.38439366,1.64706,-0.89872,0.34830427,1.267794,-0.1478396,-1.2727174,-0.8839556,0.9130443,-0.5885796,1,SST
-0.59263235,1.6603088,-0.66912085,-0.11650396,1.0125401,-0.43122232,-1.1590092,-0.7393035,1.4646382,-0.42969504,1,SST
-0.6075986,1.628488,-0.7032562,-0.17550711,1.1160414,-0.519597,-0.86334056,-0.72767025,1.498545,-0.646105,1,SST
-0.57232475,1.6549447,-0.89469016,0.25196707,0.922414,-0.29910716,-1.2019079,-0.84345,1.3545088,-0.3723547,1,SST
-0.5530621,1.6662306,-0.965942,0.3955597,0.8490562,-0.20512292,-1.2287391,-0.8703482,1.2873883,-0.37501967,1,SST
-0.59428895,1.5608989,-0.6224798,-0.30109185,1.1518844,-0.52086854,-0.99543715,-0.69908834,1.5431526,-0.5226818,1,SST
-0.3542607,1.6324246,-0.7464372,-0.14076035,1.0542669,-0.48358846,-0.8770586,-0.8273271,1.5022632,-0.7595222,1,SST
-0.61611176,1.6119001,-0.7105119,-0.13153553,1.1195489,-0.52841425,-0.88498336,-0.72527295,1.5012844,-0.6359037,1,SST
-0.59357655,1.561189,-0.61949587,-0.30416074,1.1517869,-0.52250177,-0.9959931,-0.6988269,1.5433282,-0.5217491,1,SST
-0.4469308,1.651365,-0.72118425,-0.2430385,1.0961016,-0.49957708,-0.8520053,-0.7716417,1.4916579,-0.7047471,1,SST
-0.5838265,1.6475954,-0.6766075,-0.08834494,0.9986542,-0.4297112,-1.1686485,-0.75051844,1.4784011,-0.42699367,1,SST
-0.5312165,1.4740512,-1.1311134,0.6959226,1.0231636,-0.02508677,-1.2214342,-0.9385958,1.0843997,-0.43008962,1,SST
-0.51341367,1.3585467,-1.1763549,0.7133262,1.0546421,0.058235615,-1.236132,-0.94683367,1.1254243,-0.43744072,1,SST
-0.6108026,1.6292893,-0.7054339,-0.16979195,1.1143191,-0.5121555,-0.8653493,-0.7290766,1.4971322,-0.6481304,1,SST
-0.5980511,1.5733554,-0.59661484,-0.31049058,1.118116,-0.512496,-1.0264273,-0.69546336,1.5524446,-0.504373,1,SST
-0.346291,1.6317781,-0.7360501,-0.15481831,1.0562847,-0.47135106,-0.8811347,-0.83338594,1.5016611,-0.7666928,1,SST
-0.63314104,1.5387529,-0.6894983,-0.05135469,1.142523,-0.5545899,-0.98517287,-0.7129373,1.5250028,-0.5795848,1,SST
-0.59891385,1.5769012,-0.59771824,-0.30911815,1.1162565,-0.5137552,-1.0229161,-0.69530046,1.5510031,-0.50643873,1,SST
-0.6175558,1.6011891,-0.7079292,-0.09329106,1.1234434,-0.55988854,-0.8984693,-0.72305566,1.4998506,-0.6242939,1,SST
-0.5763191,1.6461989,-0.8564247,0.18847683,0.9411176,-0.32495403,-1.1938962,-0.8338858,1.3900309,-0.3803446,1,SST
-0.5944168,1.592265,-0.59109116,-0.32079515,1.0613123,-0.49199134,-1.0486848,-0.67978656,1.574117,-0.5009284,1,SST
-0.5998605,1.6572095,-0.59663457,-0.25344962,1.030717,-0.47184303,-1.1205425,-0.68070257,1.5008911,-0.46578494,1,SST
0.07624913,1.6596142,-0.6723718,0.3752737,1.232825,-0.07588926,-1.5717016,-0.9527349,0.5729944,-0.64425457,1,SST
1.5871309,0.5451085,0.345532,0.7620605,0.43924713,0.5431425,-1.522204,-0.8120191,-1.2882893,-0.59969336,1,SST
1.6999266,-0.03613382,0.55933625,0.8523974,0.049144514,0.7213923,-1.0366747,-0.6179281,-1.6826304,-0.5088312,1,SST
-0.59274954,1.6651403,-0.6436619,-0.15443935,1.0168298,-0.44287187,-1.1549766,-0.724603,1.4687878,-0.43745562,1,SST
-0.5406487,1.6045732,-1.0595886,0.59211886,0.9686194,-0.1069951,-1.2282268,-0.9149431,1.0941117,-0.40902025,1,SST
-0.6084172,1.6259084,-0.70359814,-0.1651897,1.1156152,-0.5241406,-0.86639065,-0.7280487,1.4992831,-0.64502203,1,SST
-0.5955667,1.67632,-0.65361136,-0.14791788,1.017973,-0.4346938,-1.1542406,-0.72674507,1.4531306,-0.4346482,1,SST
-0.62276953,1.5775049,-0.71266794,-0.065636046,1.1344064,-0.55905616,-0.9243103,-0.724577,1.5045475,-0.60744214,1,SST
-0.6174378,1.6258183,-0.71361464,-0.15330245,1.1117755,-0.49052545,-0.8687434,-0.7346972,1.4969722,-0.6562447,1,SST
-0.53766835,1.5945432,-1.0739151,0.59533054,0.98509383,-0.081724316,-1.2387553,-0.9149852,1.0729209,-0.4008393,1,SST
-0.61253744,1.6241511,-0.70701313,-0.16286397,1.112071,-0.5136896,-0.87026584,-0.72596115,1.5025585,-0.6464485,1,SST
-0.6002323,1.5591818,-0.6410609,-0.24105293,1.1463492,-0.52989113,-0.9940919,-0.70351326,1.5407213,-0.5364093,1,SST
-0.6158573,1.607926,-0.7081996,-0.11419521,1.1198623,-0.54686046,-0.89012,-0.72378004,1.5014148,-0.63019085,1,SST
-0.5953354,1.56598,-0.59652126,-0.30354747,1.1054733,-0.5054917,-1.0407861,-0.69401187,1.5656868,-0.5014459,1,SST
-0.3471973,1.6121271,-0.7163515,-0.09589653,1.040739,-0.4211962,-0.92489904,-0.8755148,1.5065715,-0.77838194,1,SST
-0.44049272,1.6496791,-0.7265012,-0.23206201,1.0926324,-0.49058405,-0.856169,-0.77717984,1.4918346,-0.7111575,1,SST
-0.608874,1.6309824,-0.7040299,-0.17856258,1.1142389,-0.5113255,-0.8613042,-0.7291261,1.4976909,-0.64968944,1,SST
-0.5325386,1.5565946,-1.0983807,0.5990747,1.0015973,-0.048064146,-1.2491931,-0.9158716,1.0807645,-0.3939825,1,SST
-0.5161485,1.5147308,-1.1099558,0.60581374,1.0150008,-0.026419755,-1.2536594,-0.9220603,1.1038026,-0.41110414,1,SST
-0.6244314,1.5839332,-0.7096645,-0.07219751,1.1291004,-0.56157047,-0.9187634,-0.7209817,1.50514,-0.61056453,1,SST
-0.5359907,1.5823601,-1.0800769,0.5987255,0.9922841,-0.068555795,-1.247026,-0.91372496,1.0704141,-0.39841035,1,SST
-0.47836733,1.6528718,-0.7144695,-0.25429115,1.1023257,-0.5014854,-0.84868956,-0.7582959,1.4914916,-0.69108963,1,SST
0.64118284,1.4940162,-0.36841944,0.51826257,1.1120214,0.09016145,-1.787933,-1.0067534,0.012684681,-0.7052181,1,SST
-0.6268431,1.5734811,-0.70986634,-0.080549255,1.1358302,-0.5559518,-0.9304125,-0.71807635,1.5107336,-0.59834576,1,SST
-0.59887844,1.6838548,-0.6466657,-0.1613867,1.0245785,-0.43546316,-1.1530962,-0.7198466,1.4435658,-0.4366622,1,SST
-0.346497,1.6245513,-0.72203445,-0.11970452,1.0478206,-0.46971703,-0.89352417,-0.8466427,1.5048032,-0.7790544,1,SST
-0.35592768,1.6298921,-0.73445076,-0.12366133,1.0486103,-0.48166624,-0.88481474,-0.8343141,1.5040358,-0.7677046,1,SST
-0.59761685,1.6256313,-0.58836037,-0.2938111,1.0220149,-0.483403,-1.0760654,-0.67675734,1.5595789,-0.49121094,1,SST
-0.5848757,1.6372099,-0.801393,0.09858443,0.9728122,-0.3572279,-1.1784556,-0.8217632,1.4263344,-0.3912253,1,SST
1.6930927,0.015631108,0.54132104,0.8504633,0.085115336,0.71199673,-1.0885017,-0.63276875,-1.6579187,-0.5184266,1,SST
-0.541433,1.603519,-1.0651162,0.585817,0.97274673,-0.095345326,-1.234394,-0.913587,1.0881065,-0.40031406,1,SST
-0.5408147,1.60233,-1.0648242,0.58674335,0.9737894,-0.09496732,-1.2350233,-0.9130981,1.0880562,-0.40219125,1,SST
-0.53587335,1.4962324,-1.1270614,0.6664801,1.0172873,-0.023994979,-1.2326338,-0.9295191,1.0818664,-0.41278285,1,SST
-0.36390325,1.6376171,-0.7430355,-0.16061215,1.0606691,-0.48978984,-0.87133175,-0.8184659,1.4999212,-0.7510693,1,SST
-0.4437703,1.6507901,-0.71926564,-0.22490907,1.0824223,-0.5115902,-0.8525471,-0.7721905,1.5002172,-0.70915705,1,SST
-0.3641147,1.6367313,-0.7410109,-0.15407364,1.054957,-0.49649003,-0.87141985,-0.8174336,1.504544,-0.751689,1,SST
-0.574364,1.6536803,-0.8956927,0.24982706,0.9266917,-0.29752812,-1.2019271,-0.8432454,1.3529885,-0.37043014,1,SST
-0.6004512,1.6889442,-0.6283965,-0.19077052,1.0305535,-0.4446626,-1.1492666,-0.70588607,1.442534,-0.44259825,1,SST
-0.5004611,1.6462966,-0.71543574,-0.21379611,1.0958418,-0.5043821,-0.85530514,-0.7594688,1.4971305,-0.6904201,1,SST
-0.56607735,1.6615846,-0.9481737,0.34977877,0.8906387,-0.2370468,-1.2170538,-0.86292243,1.2983798,-0.3691077,1,SST
-0.5800251,1.6327329,-0.80076724,0.098261684,0.9640889,-0.3625062,-1.1803952,-0.8188591,1.4384842,-0.3910147,1,SST
-0.5413516,1.6072124,-1.0605805,0.57119465,0.9661225,-0.09908648,-1.2362682,-0.9110697,1.1013824,-0.39755625,1,SST
-0.53420806,1.5724372,-1.0854462,0.6097145,0.9952149,-0.06459396,-1.2423109,-0.91780174,1.0715202,-0.4045254,1,SST
-0.5714091,1.6472106,-0.8861985,0.23919684,0.92275465,-0.30632377,-1.2031155,-0.8388494,1.3714136,-0.37467957,1,SST
1.5535991,0.6271458,0.30813685,0.7427321,0.49613494,0.51021475,-1.580716,-0.837336,-1.2133598,-0.6065581,1,SST
-0.32161996,1.6604041,-0.85851,0.32408258,1.2609833,-0.15198715,-1.3334645,-0.8829822,0.8866159,-0.58352184,1,SST
1.7027358,-0.060146723,0.56979233,0.8531667,0.032470625,0.72303116,-1.012845,-0.61030287,-1.6935023,-0.5043942,1,SST
1.6965358,-0.1382039,0.58643603,0.86915106,-0.018308315,0.74454,-0.93144166,-0.5827573,-1.7310545,-0.49489447,1,SST
1.69347,-0.15314445,0.5897876,0.87219685,-0.027930275,0.7494003,-0.9168354,-0.5751921,-1.738749,-0.49301773,1,SST
-0.6238327,1.5969701,-0.71872795,-0.08122226,1.1200005,-0.5316689,-0.9020532,-0.72854877,1.5018145,-0.6327317,1,SST
-0.57967824,1.6212362,-0.80722195,0.117389806,0.96172994,-0.3592827,-1.1878706,-0.8190046,1.442941,-0.39023876,1,SST
-0.5922469,1.6013478,-0.58506656,-0.31878337,1.0488402,-0.4913605,-1.0566484,-0.68002784,1.572318,-0.49837252,1,SST
-0.5312545,1.4650589,-1.1358413,0.69590515,1.0253127,-0.016298395,-1.2253101,-0.9378999,1.0872513,-0.42692426,1,SST
-0.5126598,1.3275635,-1.188219,0.73591346,1.0612915,0.07200178,-1.2319438,-0.95034873,1.1284957,-0.44209358,1,SST
-0.46167296,1.6489444,-0.71940076,-0.22145887,1.0921135,-0.50385934,-0.8555351,-0.7699291,1.4947764,-0.70397776,1,SST
-0.5328531,1.5357517,-1.1037612,0.62883353,1.0059744,-0.04269855,-1.243085,-0.9221418,1.0810586,-0.4070784,1,SST
-0.532745,1.640639,-0.7159538,-0.18710764,1.0959014,-0.5010566,-0.8598768,-0.7554423,1.499176,-0.683535,1,SST
-0.5416785,1.6033497,-1.0642276,0.5813009,0.9716414,-0.09496108,-1.2366158,-0.91248024,1.0917614,-0.39809114,1,SST
-0.48259717,1.6476108,-0.7171623,-0.21763758,1.0919944,-0.50512105,-0.85484225,-0.7641899,1.4979898,-0.696044,1,SST
-0.5983068,1.6372316,-0.5912818,-0.27594116,1.0252285,-0.47872716,-1.0977608,-0.6783665,1.5365852,-0.47866127,1,SST
-0.61992425,1.5907016,-0.7047727,-0.10119702,1.1225394,-0.5609789,-0.911921,-0.7155548,1.5121588,-0.61105037,1,SST
-0.44744074,1.6489205,-0.7269019,-0.21448584,1.0900669,-0.49069566,-0.8597014,-0.7787529,1.4914219,-0.7124307,1,SST
-0.559588,1.6646855,-0.9503582,0.3622001,0.87409353,-0.22919513,-1.2189466,-0.8663446,1.298977,-0.37552407,1,SST
-0.5769419,1.618961,-0.8047025,0.10994656,0.95920074,-0.3630255,-1.1890126,-0.81633055,1.4503673,-0.3884623,1,SST
1.6938505,-0.087763764,0.570722,0.864599,0.01583509,0.7379109,-0.9862922,-0.5964031,-1.7100458,-0.5024181,1,SST
-0.5868725,1.6383101,-0.76719934,0.03974765,0.9830692,-0.37914997,-1.1745573,-0.8007441,1.4461596,-0.39876336,1,SST
-0.35299164,1.6238536,-0.7198736,-0.1065236,1.0456923,-0.4698699,-0.89673233,-0.8472441,1.5043998,-0.78071153,1,SST
-0.53425175,1.5630469,-1.0886806,0.634286,0.99871427,-0.06994286,-1.2306216,-0.9235835,1.0678899,-0.41685584,1,SST
-0.57407415,1.6508693,-0.8818726,0.22903034,0.9280895,-0.308106,-1.2007529,-0.8387192,1.3689259,-0.37339008,1,SST
-0.53587145,1.5909004,-1.0757588,0.6042505,0.98796475,-0.0790232,-1.2372721,-0.9173219,1.0678332,-0.4057013,1,SST
-0.540111,1.6073208,-1.0550289,0.55655926,0.9613607,-0.09937237,-1.2424104,-0.9078665,1.1151505,-0.39560184,1,SST
-0.53847927,1.605762,-1.0583717,0.5915947,0.9684508,-0.107419275,-1.2273715,-0.9160246,1.0939204,-0.4120621,1,SST
0.11910336,1.6472696,-0.6560884,0.39989415,1.2322891,-0.055966403,-1.593458,-0.9597134,0.52122754,-0.6545567,1,SST
-0.6287173,1.5797179,-0.7201329,-0.033127956,1.1225212,-0.55750257,-0.9186564,-0.72684145,1.503634,-0.62089473,1,SST
-0.595308,1.5646104,-0.6159459,-0.3016518,1.1480787,-0.5192684,-1.0023669,-0.70170313,1.5409851,-0.5174298,1,SST
-0.55806106,1.658582,-0.9363949,0.3366029,0.8703229,-0.24372442,-1.2227066,-0.85724974,1.3269128,-0.37428376,1,SST
-0.56282747,1.6633902,-0.9590291,0.37038442,0.87841666,-0.22232634,-1.2210673,-0.8664612,1.2885767,-0.36905637,1,SST
1.6342784,0.45719403,0.40100995,0.8069309,0.389812,0.51490605,-1.4464786,-0.83336735,-1.3176966,-0.6065914,1,SST
1.551024,0.6338441,0.30439276,0.74170583,0.50035226,0.50805473,-1.5840205,-0.839837,-1.2067745,-0.6087363,1,SST
0.3859081,1.5710702,-0.4784174,0.50792164,1.2097255,-0.044007387,-1.6951672,-1.0013269,0.24674578,-0.7024553,1,SST
1.2319279,1.0612763,0.054659355,0.7084277,0.83017737,0.2576222,-1.7847265,-0.97761744,-0.6887768,-0.6929839,1,SST
-0.5147166,1.3338985,-1.18152,0.74113286,1.0592389,0.06371701,-1.2318726,-0.9500906,1.1252627,-0.44504946,1,SST
1.6948352,-0.15481398,0.5904767,0.8715097,-0.029384866,0.7490911,-0.9149027,-0.57613397,-1.7384043,-0.4922869,1,SST
-0.38461876,1.6458654,-0.7361462,-0.21615799,1.0795809,-0.48522213,-0.8616003,-0.8002116,1.4935405,-0.73502916,1,SST
-0.59251314,1.6024902,-0.5826146,-0.31554252,1.0423989,-0.49012816,-1.063606,-0.6786313,1.5739952,-0.49584898,1,SST
-0.599349,1.6513834,-0.594066,-0.25673035,1.0284122,-0.4730352,-1.118789,-0.6807469,1.5100322,-0.46711123,1,SST
-0.6352719,1.5475057,-0.71429646,0.0012725907,1.1366779,-0.5600923,-0.9574059,-0.72817665,1.5096377,-0.5998512,1,SST
-0.5149572,1.3505714,-1.1768672,0.7251724,1.0559345,0.05944535,-1.2347806,-0.9482984,1.1240736,-0.44029373,1,SST
-0.6241439,1.5386738,-0.68122816,-0.083889015,1.1480983,-0.54599,-0.9918419,-0.71677667,1.5273687,-0.57027113,1,SST
-0.5832721,1.6421,-0.8640521,0.19496867,0.9523988,-0.31760305,-1.1977335,-0.8325099,1.3796096,-0.37390643,1,SST
-0.6187791,1.5950439,-0.70913696,-0.09447394,1.1274462,-0.56207323,-0.902447,-0.7203392,1.5028951,-0.6181358,1,SST
-0.5930793,1.661542,-0.70093274,-0.07161878,1.0047294,-0.41199887,-1.1647172,-0.7562513,1.4517229,-0.4193961,1,SST
-0.6087593,1.5554758,-0.65774626,-0.1792305,1.1468761,-0.5349041,-0.99328846,-0.7116334,1.532593,-0.5493828,1,SST
-0.5847466,1.6261829,-0.7580763,0.033552513,0.9831777,-0.38758314,-1.1747489,-0.7986927,1.4632589,-0.40232408,1,SST
-0.12793161,1.66973,-0.7744236,0.34883943,1.2546129,-0.11230264,-1.4564514,-0.92042434,0.73449534,-0.6161438,1,SST
-0.6161792,1.6073103,-0.7103222,-0.118032515,1.1210642,-0.53800726,-0.89043695,-0.72472453,1.5014776,-0.63214886,1,SST
-0.5986155,1.5573069,-0.60719234,-0.2951258,1.1484033,-0.5218525,-1.0138354,-0.70396966,1.5447156,-0.5098347,1,SST
-0.5460241,1.6265775,-1.0288475,0.50797313,0.9263916,-0.13327432,-1.2386007,-0.89705455,1.1719108,-0.38905355,1,SST
-0.518511,1.5780613,-1.0771354,0.5666313,0.9963854,-0.064267434,-1.2586662,-0.9109588,1.0897464,-0.40128532,1,SST
-0.43306294,1.7508602,-0.91154206,0.3447047,0.9741789,-0.25281712,-1.2159363,-0.8639062,1.1328856,-0.52536535,1,SST
-0.592502,1.5627525,-0.62028795,-0.3024157,1.1520054,-0.5209829,-0.9969212,-0.70152617,1.5409406,-0.5210623,1,SST
-0.44570157,1.623436,-0.9151323,0.331603,1.2334808,-0.19514754,-1.2233171,-0.87750673,1.0349705,-0.5666864,1,SST
-0.3759586,1.6400613,-0.7376853,-0.15565038,1.055837,-0.503844,-0.8689315,-0.8120007,1.5038078,-0.7456359,1,SST
-0.35488898,1.6301625,-0.73857987,-0.12403106,1.0491567,-0.4813455,-0.8837715,-0.8332609,1.5033305,-0.7667719,1,SST
-0.47208568,1.7290491,-0.96224916,0.4015357,0.911202,-0.2340522,-1.1999356,-0.8668915,1.1784394,-0.4850112,1,SST
-0.6184867,1.5908029,-0.70507556,-0.10212365,1.1234691,-0.56081253,-0.91127515,-0.7170124,1.5115234,-0.61100984,1,SST
-0.609862,1.5537099,-0.65814316,-0.17528334,1.1478678,-0.5356866,-0.9930869,-0.7125962,1.5327842,-0.54970354,1,SST
1.6253008,0.45814297,0.3878036,0.76894176,0.38110787,0.5680012,-1.4624823,-0.78867626,-1.3563015,-0.58185244,1,SST
-0.61768967,1.5903006,-0.7055438,-0.10365593,1.1258229,-0.56067026,-0.91197205,-0.71756095,1.5103382,-0.60936886,1,SST
-0.5328158,1.5442575,-1.0984677,0.6378362,1.0036913,-0.05513516,-1.2343,-0.9246685,1.0752633,-0.4156611,1,SST
-0.5969091,1.5569663,-0.6185259,-0.29745707,1.1501243,-0.5197809,-1.0040138,-0.70058066,1.5461202,-0.5159433,1,SST
-0.5375063,1.5840454,-1.0779339,0.6000727,0.9899913,-0.0727305,-1.2453709,-0.9140914,1.0720023,-0.39847887,1,SST
-0.43006703,1.6482791,-0.7296271,-0.22210559,1.0889583,-0.48874572,-0.8589588,-0.782422,1.4922798,-0.71759075,1,SST
-0.49478167,1.644038,-0.7214776,-0.21629138,1.1003574,-0.49217337,-0.85797775,-0.7626485,1.4944327,-0.6934774,1,SST
-0.5983198,1.616611,-0.5854149,-0.29501715,1.0283755,-0.48691493,-1.082851,-0.6725009,1.5628207,-0.48678806,1,SST
-0.52947813,1.5514519,-1.0997845,0.64724344,1.0010716,-0.0745672,-1.2153127,-0.92683226,1.0753338,-0.42912623,1,SST
-0.5284374,1.642487,-0.71887726,-0.20816341,1.1042118,-0.49091145,-0.8584621,-0.7531153,1.4940679,-0.68280023,1,SST
-0.5954048,1.585954,-0.59433085,-0.31886822,1.0739474,-0.49701455,-1.0406598,-0.6809765,1.5725766,-0.5052238,1,SST
-0.6233034,1.5843986,-0.7121205,-0.07037616,1.1287543,-0.5602164,-0.9166493,-0.7219469,1.504591,-0.61313117,1,SST
-0.5531263,1.6593162,-0.9802177,0.42066735,0.8634679,-0.19002458,-1.2291489,-0.87733364,1.2641363,-0.37773672,1,SST
-0.58817965,1.6419933,-0.7732583,0.049446467,0.9852369,-0.37340066,-1.1732943,-0.8059513,1.4360709,-0.3986634,1,SST
1.2474613,1.0624552,0.029468222,0.67421764,0.80379725,0.3373719,-1.783904,-0.9581388,-0.7331306,-0.67960095,1,SST
