0,1,2,3,4,5,6,7,8,9,10,11,12,13,14,15,16,17,18,19,label,label_name
-0.46800533,1.5498229,-0.9956315,0.3547568,1.1664553,-0.14554368,-1.2380719,-0.8819501,1.1515292,-0.49336264,1.1982875,2.1713896,-0.9002897,0.2916366,-0.19210696,0.038183548,-0.48821053,-0.40887508,-0.7006795,-1.0093353,0,PV
-0.6320082,1.6151962,-0.6160302,-0.33092508,1.0931747,-0.48250985,-1.0459757,-0.6997889,1.5208583,-0.42199117,-0.12645888,1.3450054,-0.23842524,1.3982254,-1.483141,-1.2834605,0.2803719,0.9255474,-0.2562279,-0.56143606,0,PV
-0.54219323,1.2683489,-1.2298841,0.7736132,1.0778607,0.10552408,-1.2131557,-0.9560882,1.1232146,-0.40723887,1.0106386,2.168487,-0.71160275,0.72605604,-0.5954953,-0.35603154,-0.36654887,-0.14132644,-0.6397685,-1.0944079,0,PV
-0.6182557,1.6601366,-0.8950417,0.19000778,0.97481394,-0.29930228,-1.2098719,-0.8327869,1.3203139,-0.29001313,-0.3857274,0.9416991,-0.08476587,1.4878738,-1.4927976,-1.3593949,0.43326584,1.1160735,-0.23217674,-0.42405084,0,PV
-0.5431966,1.2661002,-1.2282873,0.78088933,1.0789156,0.09940343,-1.2097224,-0.9567734,1.1233807,-0.4107086,1.0085726,2.155399,-0.6994461,0.74965614,-0.6111784,-0.36717287,-0.36544922,-0.12691669,-0.63938,-1.1040856,0,PV
-0.53567415,1.2739512,-1.2411832,0.7619078,1.0711627,0.13101624,-1.2131382,-0.9560731,1.1182383,-0.41020745,1.0092405,2.1619442,-0.7045089,0.7358067,-0.59800744,-0.34317347,-0.37815785,-0.13690203,-0.6408725,-1.1053705,0,PV
1.6986445,0.21612471,0.47988477,0.8420598,0.22361623,0.6130822,-1.2395831,-0.77164,-1.5024551,-0.55973387,1.1965908,2.172018,-0.89221025,0.30243984,-0.2016608,0.027242735,-0.48513362,-0.40248713,-0.6994364,-1.0173634,0,PV
-0.5442888,1.2670327,-1.2253349,0.78031194,1.0804249,0.09332552,-1.2096372,-0.9561835,1.1250814,-0.41073215,1.0947315,1.5931518,-0.7277019,-0.7337449,0.79328185,1.0767758,-0.8205379,-0.82520586,-0.73462456,-0.71612567,0,PV
-0.5416622,1.2743182,-1.2299806,0.75749314,1.0771037,0.11287785,-1.2201356,-0.9542694,1.1242099,-0.39995548,1.0182072,2.1636736,-0.72340745,0.72228634,-0.58161837,-0.33621165,-0.37533826,-0.14485878,-0.6422185,-1.1005133,0,PV
-0.57040596,1.5771548,-1.098208,0.5581187,1.0042083,-0.042319212,-1.2546595,-0.91451836,1.0684044,-0.3277733,1.1978159,2.1715474,-0.89801127,0.29523596,-0.19500718,0.03437894,-0.4871294,-0.40690005,-0.70007336,-1.0118574,0,PV
-0.4936402,1.4630964,-1.0725079,0.5246411,1.0798342,-0.08656848,-1.2406557,-0.9051546,1.1994234,-0.46846792,-1.0361602,-0.06155829,0.42019892,1.1931417,-1.5134587,-1.3761482,0.7592396,1.2136703,0.26463395,0.13644063,0,PV
-0.48624235,1.4746867,-1.05412,0.50638163,1.085822,-0.10064024,-1.238767,-0.9032063,1.2022656,-0.48617956,1.0063777,2.1604064,-0.7102466,0.745882,-0.62037486,-0.3780903,-0.35008162,-0.12940718,-0.63305223,-1.0914129,0,PV
-0.53980625,1.2733696,-1.2329931,0.7615074,1.0751132,0.11879785,-1.2177634,-0.9555486,1.1214511,-0.4041278,1.1983393,2.1713574,-0.900352,0.29154962,-0.1920291,0.03830976,-0.4882886,-0.4089396,-0.70070493,-1.0092406,0,PV
-0.55187124,1.4290202,-1.1665242,0.68590134,1.0432823,0.0028064034,-1.21321,-0.9402005,1.1054591,-0.39466286,1.1538744,2.1831503,-0.7780914,0.43130907,-0.3236331,-0.09268246,-0.46458966,-0.32381126,-0.68917435,-1.0963523,0,PV
-0.54138863,1.4285429,-1.1785246,0.6577751,1.0446578,-0.0020642213,-1.2041484,-0.9294665,1.1293955,-0.40477875,-1.0004463,-0.7370615,0.5159751,1.1033242,-1.4085398,-1.2965047,0.82063687,1.1052709,0.51832134,0.3790239,0,PV
-0.45044807,1.6401856,-0.961437,0.334168,1.2855136,-0.12718612,-1.2033882,-0.8884829,0.92572033,-0.554647,0.2993962,2.1508987,-0.5630992,1.0248026,-1.1106737,-0.82654804,-0.050920755,0.3366475,-0.4186411,-0.8418626,0,PV
-0.5547319,1.5318211,-1.1235411,0.62534225,1.0153785,-0.05088152,-1.2154517,-0.9277008,1.0833781,-0.3836115,1.0732552,2.194706,-0.75028527,0.578314,-0.47901678,-0.24264896,-0.39230675,-0.21951658,-0.6686687,-1.0938318,0,PV
-0.5202749,1.5813451,-1.103539,0.5311799,1.0016074,-0.090349644,-1.207188,-0.90205765,1.1275493,-0.4182728,-1.0360197,0.21752858,0.29468584,1.4078517,-1.4733604,-1.3024529,0.53195465,1.2846234,0.097695045,-0.022506896,0,PV
0.15508738,1.6451992,-0.6736279,0.38059354,1.2520453,0.0017053835,-1.6066867,-0.9723976,0.43794277,-0.6198619,0.9938865,2.1479166,-0.7013064,0.777202,-0.6491374,-0.4044918,-0.33945203,-0.10140821,-0.6297171,-1.0934907,0,PV
-0.49341676,1.639943,-1.0415511,0.4441053,0.9975867,-0.14456466,-1.2143286,-0.8869228,1.1443576,-0.44520873,0.52130866,2.1908293,-0.5591686,0.97170055,-0.9583651,-0.71259516,-0.17294122,0.18969904,-0.5134851,-0.9569826,0,PV
-0.3731731,1.641796,-0.72672,-0.22225516,1.0725605,-0.5177835,-0.85404336,-0.797094,1.507028,-0.73031545,1.1955087,2.1733193,-0.89007455,0.3001863,-0.19967833,0.029012546,-0.48766544,-0.40407148,-0.70008504,-1.0164517,0,PV
-0.5432495,1.2662544,-1.2273763,0.7803626,1.0791293,0.09861745,-1.2104836,-0.9568241,1.1237401,-0.4101711,-1.0370021,0.13074933,0.32520175,1.3614709,-1.485854,-1.3250592,0.567608,1.2810711,0.13977908,0.042035338,0,PV
-0.5214958,1.5309775,-1.1168618,0.56263286,1.0214489,-0.06938744,-1.211006,-0.9097421,1.1388233,-0.42538896,0.7647705,2.1691074,-0.5913229,0.91291577,-0.82494634,-0.5609743,-0.27955395,0.054442793,-0.6001972,-1.0442413,0,PV
1.2700032,1.0326273,0.02326089,0.6511154,0.8066324,0.37166178,-1.7817454,-0.95712894,-0.79080087,-0.62562984,1.0011967,2.157369,-0.7164067,0.7532707,-0.6155959,-0.36990744,-0.35971826,-0.11988626,-0.63479054,-1.0955323,0,PV
-0.55085814,1.4175558,-1.1722937,0.6906554,1.0463703,0.008660979,-1.2120333,-0.94068813,1.1089793,-0.39634955,1.093735,2.186145,-0.7565752,0.571349,-0.46361405,-0.23741773,-0.39754012,-0.23549221,-0.66695255,-1.0936375,0,PV
-0.5391968,1.2809888,-1.2291669,0.73978263,1.076838,0.11529266,-1.2255845,-0.9522539,1.1281034,-0.39480296,1.1756548,2.1843307,-0.817897,0.35639656,-0.250515,-0.03060499,-0.486871,-0.37338606,-0.6959438,-1.0611637,0,PV
-0.4379019,1.6599545,-0.9375172,0.27431116,1.2664175,-0.15404834,-1.2210721,-0.87952673,0.9611139,-0.5317329,1.1981863,2.1714792,-0.89972156,0.2920004,-0.19244844,0.03782313,-0.48829627,-0.4086917,-0.70069695,-1.0096333,0,PV
0.7843076,1.4480413,-0.31461707,0.47594288,1.0776631,0.16879562,-1.8119769,-1.0203998,-0.15693222,-0.6508299,-1.0160463,-0.51356715,0.5048939,1.1552104,-1.4577055,-1.3281392,0.8004843,1.1516649,0.4266177,0.27658674,0,PV
-0.5484621,1.3187456,-1.2059804,0.7461574,1.068969,0.075802185,-1.2214572,-0.95322293,1.1150795,-0.3956313,-0.1669045,1.3356292,-0.22878172,1.3924398,-1.4828957,-1.2962358,0.29487565,0.9379829,-0.24805045,-0.5380597,0,PV
-0.5629303,1.5506237,-1.1125466,0.5628206,1.0125787,-0.028087618,-1.2558607,-0.9159955,1.0821632,-0.33276546,1.1696665,2.184381,-0.79316187,0.3818955,-0.26995632,-0.04801617,-0.49354914,-0.36314034,-0.69479126,-1.0733272,0,PV
-0.5070957,1.6131222,-1.0719832,0.48886722,0.9977283,-0.1185417,-1.2111175,-0.8943792,1.1355788,-0.43217903,1.1974739,2.1720433,-0.8965633,0.29436532,-0.19457826,0.035318658,-0.48842546,-0.40745082,-0.7006272,-1.0115559,0,PV
0.91756576,1.3543979,-0.23286928,0.52993387,1.0221808,0.22779603,-1.8259137,-1.013085,-0.3297224,-0.6502749,0.6301816,2.219363,-0.58122694,0.90409744,-0.87212783,-0.6243407,-0.22561999,0.1096186,-0.5654529,-0.99449277,0,PV
-0.5350218,1.2794518,-1.2372414,0.7464155,1.0727617,0.12677224,-1.2188779,-0.95442444,1.1236445,-0.40348163,0.9906729,2.1718845,-0.6931896,0.73733556,-0.60422945,-0.3554934,-0.37663746,-0.12844457,-0.636022,-1.1058767,0,PV
0.41463923,1.5817442,-0.54180574,0.4389053,1.2020116,0.07095679,-1.7113552,-1.0048167,0.19338824,-0.6436685,0.87045765,2.1597075,-0.635271,0.85759956,-0.74059427,-0.48618767,-0.3119787,-0.010386257,-0.6215373,-1.0818106,0,PV
-0.53875786,1.2749354,-1.2344729,0.7575778,1.0743399,0.12172096,-1.2182885,-0.9549184,1.1217065,-0.40384302,0.99453133,2.1461058,-0.69977033,0.77977353,-0.64798915,-0.40379074,-0.34256184,-0.10080538,-0.63004583,-1.0954485,0,PV
-0.49718642,1.5975418,-1.0541042,0.47376004,1.01502,-0.12824744,-1.2200186,-0.89293426,1.1541008,-0.44793156,-0.8507806,0.38506743,0.23883468,1.4267391,-1.5175122,-1.3499945,0.52431196,1.2682312,0.03457725,-0.15947412,0,PV
-0.4852784,1.5843987,-1.004184,0.35809383,1.2249845,-0.12344213,-1.2118218,-0.8805228,1.0477664,-0.5099967,-0.7218047,0.50132555,0.16316034,1.4653889,-1.5215963,-1.3587723,0.5110666,1.2531292,-0.050966255,-0.2409306,0,PV
-0.54387677,1.3335088,-1.2070781,0.6990878,1.0678403,0.08626029,-1.2364225,-0.9457321,1.1251211,-0.378709,1.1954161,2.1736786,-0.88807505,0.2998085,-0.19963071,0.029807027,-0.48967648,-0.4045618,-0.7007418,-1.0160242,0,PV
-0.5410557,1.2676065,-1.2333972,0.77636486,1.0759495,0.11214918,-1.2112066,-0.95664483,1.1205481,-0.4103139,1.0049391,2.1578486,-0.7126673,0.7498529,-0.61032176,-0.36233908,-0.36449203,-0.12743425,-0.6386164,-1.0967703,0,PV
0.037272513,1.6369684,-0.72083765,0.4258484,1.2784064,-0.027267858,-1.5427072,-0.9711681,0.51315373,-0.6296705,1.1528561,2.1813796,-0.781167,0.44031182,-0.3291342,-0.10200202,-0.45916247,-0.3187388,-0.6856352,-1.0987065,0,PV
1.1442806,1.1723901,-0.078286655,0.6013023,0.881413,0.3392934,-1.8163127,-0.9768767,-0.6229176,-0.64429444,1.1980345,2.1715438,-0.8994145,0.29258427,-0.19291036,0.037140537,-0.4879913,-0.40831903,-0.7005557,-1.0101122,0,PV
-0.5322019,1.4651577,-1.1495234,0.61467534,1.0386386,-0.03308395,-1.2133093,-0.9183258,1.1419857,-0.41401276,0.369958,2.0569603,-0.48369318,1.0845,-1.1812662,-0.827651,-0.06861411,0.39109403,-0.46526298,-0.876024,0,PV
-0.5363744,1.4420633,-1.1728792,0.64366424,1.0421312,-0.009075817,-1.2020537,-0.9277783,1.1320201,-0.4117184,-1.0378511,-0.22337069,0.4492817,1.1646312,-1.5053658,-1.3695014,0.78663605,1.1794752,0.34333095,0.21273355,0,PV
-0.55465204,1.3647879,-1.1893958,0.71715975,1.0588685,0.056796357,-1.22827,-0.94766283,1.1057264,-0.38335854,1.0964468,2.1988485,-0.735991,0.49840623,-0.34711766,-0.10010933,-0.50526357,-0.31583986,-0.68698955,-1.1023909,0,PV
-0.54421717,1.2911903,-1.2140605,0.7691661,1.0769544,0.07283309,-1.2076275,-0.95432204,1.1247028,-0.4146194,1.1649817,2.186355,-0.7846188,0.38695738,-0.27104193,-0.05418628,-0.49306145,-0.36163598,-0.6946213,-1.0791278,0,PV
-0.54488015,1.292737,-1.2179775,0.7574479,1.0748678,0.08898129,-1.2175179,-0.954634,1.1213763,-0.40040106,1.1891365,2.1789846,-0.85953057,0.31405228,-0.21371914,0.014962558,-0.49539295,-0.39792415,-0.7017809,-1.0287882,0,PV
-0.54670674,1.3517736,-1.1968194,0.72739464,1.063845,0.038064774,-1.2070887,-0.94477755,1.1234255,-0.4091108,-1.0183125,-0.49469596,0.49976775,1.1436108,-1.4648999,-1.3354727,0.80172783,1.1476824,0.43682444,0.2837681,0,PV
-0.4797857,1.5435103,-1.0297203,0.44690642,1.0621452,-0.13255502,-1.2360955,-0.8928466,1.195409,-0.47696877,-1.039751,-0.2238253,0.43449748,1.1494364,-1.506813,-1.376006,0.79874295,1.1715007,0.36387676,0.22834177,0,PV
0.08002088,1.6304238,-0.7068833,0.43380147,1.2726138,-0.007959713,-1.573435,-0.9677079,0.4685363,-0.62940943,1.1963942,2.1730764,-0.8916791,0.29653004,-0.1968889,0.033191126,-0.48984587,-0.4063395,-0.7010437,-1.0133946,0,PV
-0.54489374,1.2729532,-1.2226053,0.7771803,1.0793557,0.089561574,-1.2104532,-0.95583713,1.1243865,-0.4096475,1.1360323,2.1905105,-0.77192515,0.46729168,-0.36008498,-0.1438488,-0.43821496,-0.302388,-0.68434525,-1.0930287,0,PV
-0.43023497,1.6517406,-0.94713587,0.30711776,1.2762797,-0.1282476,-1.227713,-0.88593435,0.9282667,-0.54413974,-1.0148549,0.09634286,0.3202079,1.3731723,-1.4852947,-1.3225309,0.5614621,1.2956191,0.1516953,0.024180455,0,PV
-0.47478244,1.5211688,-1.0340552,0.44994834,1.084378,-0.124351315,-1.2280883,-0.8996519,1.1986398,-0.4932062,1.0181422,2.164062,-0.7047986,0.720383,-0.5772334,-0.32541344,-0.3937818,-0.14812467,-0.640487,-1.1127483,0,PV
-0.46072912,1.6531299,-0.95045346,0.29088518,1.2690585,-0.1526893,-1.1968181,-0.88234,0.9665643,-0.53660685,1.0808057,2.1969695,-0.75785387,0.55870885,-0.45882025,-0.22686115,-0.39702615,-0.23240104,-0.6695592,-1.0939629,0,PV
-0.5630076,1.477774,-1.1407285,0.657116,1.0312965,-0.005242772,-1.2325075,-0.936926,1.0813739,-0.3691481,0.72258127,2.1804042,-0.50945884,0.91834396,-0.83083075,-0.51528263,-0.32219216,0.07231219,-0.65317243,-1.0627053,0,PV
-0.54131377,1.2699554,-1.2338555,0.76904476,1.0760009,0.11399255,-1.2138668,-0.9554227,1.1217157,-0.4062511,0.99861354,2.1623406,-0.69570893,0.7414702,-0.6013565,-0.33900148,-0.3846752,-0.1273036,-0.63885623,-1.1155245,0,PV
-0.4984775,1.6720855,-1.0442032,0.44038418,0.9781988,-0.15134215,-1.2068025,-0.883394,1.1259773,-0.4324263,-1.0229472,0.07418888,0.33187342,1.325732,-1.4953436,-1.3395499,0.6081765,1.2822077,0.18193626,0.053726245,0,PV
0.21288,1.6328824,-0.64584225,0.39518094,1.2426549,0.018454837,-1.6341797,-0.9793974,0.38434008,-0.6269653,-1.0024284,-0.74412423,0.5184273,1.1004983,-1.4053527,-1.2954433,0.82168794,1.1021353,0.5206408,0.3839586,0,PV
-0.616243,1.651675,-0.8915847,0.18633027,0.97652483,-0.3036831,-1.2109013,-0.83180994,1.3316581,-0.29196623,1.1742216,2.184305,-0.8072115,0.36326683,-0.2540773,-0.03234002,-0.49533188,-0.37205344,-0.69747996,-1.0632994,0,PV
-0.27024052,1.6862192,-0.8562192,0.24770604,1.2625549,-0.1312618,-1.3557856,-0.898767,0.85864353,-0.5428497,1.1752578,2.184944,-0.81333625,0.35499206,-0.24600956,-0.028669879,-0.49136546,-0.37716025,-0.697953,-1.0606992,0,PV
-0.53990865,1.2797383,-1.2285804,0.74309176,1.0768656,0.11502488,-1.2253236,-0.9529639,1.127209,-0.39515293,0.1327385,1.8817778,-0.4455853,1.1681191,-1.371864,-0.9833417,0.09962027,0.59926915,-0.34513462,-0.7356001,0,PV
-0.6012065,1.6841984,-0.9354169,0.27314356,0.9187435,-0.24296777,-1.2231975,-0.85395026,1.2786819,-0.29802856,1.1906555,2.175325,-0.87137717,0.32034317,-0.21855733,0.009845058,-0.48445767,-0.3911681,-0.6990142,-1.0315939,0,PV
-0.5257715,1.5576131,-1.1208677,0.5549101,1.007526,-0.073229484,-1.2047137,-0.90737045,1.1255639,-0.41365921,1.168823,2.1848397,-0.7964839,0.37876973,-0.2667639,-0.04789512,-0.4883211,-0.36272645,-0.6952383,-1.0750045,0,PV
-0.55450046,1.4085231,-1.1723716,0.7023258,1.0495063,0.017747616,-1.2175599,-0.94371706,1.1013341,-0.39128792,1.1925396,2.1755128,-0.8773656,0.30897155,-0.20814756,0.020080198,-0.48874235,-0.3992334,-0.7000211,-1.0235941,0,PV
-0.5585646,1.5657355,-1.1050334,0.6083779,1.0056708,-0.06885659,-1.2187791,-0.9228931,1.0720614,-0.37771899,1.1886227,2.177494,-0.8640876,0.32179922,-0.22034028,0.0065735793,-0.4857696,-0.39121997,-0.6990454,-1.0340267,0,PV
-0.6221504,1.6535422,-0.8538499,0.12342386,0.9962191,-0.33265224,-1.1980568,-0.82221454,1.3532952,-0.29755607,-1.0203056,-0.4892589,0.48580596,1.1341876,-1.4668676,-1.341613,0.80736333,1.1407584,0.4498784,0.30005127,0,PV
-0.53674114,1.2800105,-1.233243,0.74397874,1.0744339,0.12185247,-1.222155,-0.9538287,1.1254295,-0.39973664,0.5395031,2.203898,-0.56170505,0.95261884,-0.94153124,-0.6876291,-0.18774496,0.17304716,-0.5289693,-0.96148765,0,PV
-0.5596445,1.4592533,-1.1535488,0.6327321,1.0370202,0.020440172,-1.2470188,-0.93208534,1.096261,-0.35340956,1.0931422,2.1880827,-0.75670886,0.5661952,-0.4616703,-0.23441547,-0.39466757,-0.23784815,-0.6675009,-1.0946085,0,PV
1.7202382,0.10485697,0.5251543,0.8311351,0.14483005,0.6517108,-1.15775,-0.7136312,-1.5772465,-0.5292907,1.1815637,2.1785686,-0.84217834,0.35104787,-0.2490157,-0.019848373,-0.47769505,-0.37138247,-0.69717324,-1.0538867,0,PV
-0.5483583,1.3431373,-1.2019932,0.7010934,1.0651227,0.07923218,-1.2371594,-0.94421494,1.1198908,-0.3767499,1.0103731,2.151241,-0.72157216,0.75809634,-0.60681164,-0.36507443,-0.36677995,-0.12828176,-0.63653576,-1.0946553,0,PV
-0.5515053,1.3655195,-1.1929296,0.69123626,1.0597782,0.06809479,-1.2382239,-0.94350266,1.1138046,-0.37227187,1.1576246,2.1879559,-0.7857876,0.40634346,-0.29565024,-0.081975594,-0.46711662,-0.34247157,-0.69161934,-1.0873027,0,PV
-0.5595452,1.4478856,-1.1539835,0.6794069,1.0392212,0.0050779833,-1.2264051,-0.9411196,1.0881522,-0.3786913,1.1902997,2.176163,-0.870793,0.3180597,-0.21654995,0.01122918,-0.4857511,-0.3930582,-0.69922346,-1.0303768,0,PV
-0.5469236,1.2984475,-1.2148523,0.76111907,1.0742614,0.07701753,-1.2127683,-0.9531305,1.1211679,-0.404338,-0.613247,0.5759886,0.09698725,1.4801905,-1.5410867,-1.3887509,0.49724582,1.2147512,-0.078954525,-0.24312444,0,PV
-0.5223023,1.5889156,-1.1069533,0.5302809,0.99693215,-0.09026276,-1.2040937,-0.9020124,1.1224796,-0.41298375,1.1553919,2.1870632,-0.7792771,0.41929778,-0.30596918,-0.09283047,-0.4662402,-0.3368375,-0.689802,-1.0907977,0,PV
-0.55613166,1.4216685,-1.1640861,0.69875646,1.046024,0.013386254,-1.220303,-0.9454857,1.0945207,-0.38834962,1.1806008,2.1793566,-0.83617103,0.35309345,-0.24941234,-0.022387654,-0.4804756,-0.37138906,-0.69723004,-1.0559856,0,PV
-0.52691615,1.4771826,-1.135258,0.59825456,1.0387435,-0.044201095,-1.216189,-0.91574836,1.1471566,-0.42302555,1.1879065,2.1783693,-0.8639825,0.31967452,-0.21830025,0.0068382258,-0.48551407,-0.3920611,-0.6987381,-1.0341927,0,PV
-0.46067828,1.5842501,-0.96535146,0.28632784,1.1775964,-0.1774339,-1.2417961,-0.8699254,1.147306,-0.480297,1.1970315,2.1724703,-0.8942152,0.29558823,-0.19582221,0.034045953,-0.48890865,-0.40681973,-0.7007436,-1.0126272,0,PV
1.5610868,0.63291746,0.29081598,0.70594615,0.5090544,0.52048475,-1.5881412,-0.84785044,-1.2211785,-0.56314176,1.1646303,2.1821702,-0.80269706,0.4031227,-0.29532436,-0.072817594,-0.46468624,-0.34077397,-0.6899708,-1.0836518,0,PV
-0.5326645,1.4571469,-1.1573248,0.62635916,1.040886,-0.024149263,-1.2067995,-0.9231133,1.1375767,-0.4179164,1.0168523,2.1702933,-0.7234704,0.7144136,-0.5793045,-0.33878714,-0.37624463,-0.14845301,-0.64133143,-1.0939685,0,PV
-0.5301522,1.566443,-1.1251973,0.5550011,1.0025675,-0.072693214,-1.2038641,-0.90426964,1.1176903,-0.40552506,0.61970115,2.2391899,-0.61118424,0.8890908,-0.8534659,-0.62171876,-0.2218571,0.092512846,-0.55244064,-0.97982824,0,PV
-0.5555436,1.38061,-1.1850611,0.70107484,1.0553929,0.05205612,-1.2319943,-0.94408906,1.1050823,-0.37752777,1.1983575,2.1713362,-0.9004952,0.29149777,-0.19197914,0.038342834,-0.48821262,-0.40896034,-0.700683,-1.0092043,0,PV
-0.5415406,1.4016287,-1.1851718,0.6763817,1.0523374,0.007877447,-1.2059964,-0.93143725,1.1333783,-0.40745732,1.0209116,2.1621428,-0.71404326,0.72318304,-0.58031094,-0.32743114,-0.3895131,-0.14852868,-0.64158136,-1.1048293,0,PV
-0.49886197,1.6002932,-1.0139627,0.39289087,1.2679019,-0.10145926,-1.1797745,-0.8890425,0.9588492,-0.5368335,0.99773824,2.158356,-0.69464386,0.7561028,-0.62550265,-0.37228236,-0.35983908,-0.12233754,-0.63654214,-1.1010505,0,PV
1.6932319,0.12921144,0.49836046,0.8064599,0.15870464,0.6955123,-1.1924771,-0.6732565,-1.6033752,-0.5123636,-1.0718249,-1.0418966,0.58523625,0.98922646,-1.2475709,-1.2280463,0.8331572,0.981642,0.6330325,0.567045,0,PV
-0.5201502,1.483169,-1.1158266,0.57757646,1.0440035,-0.059366617,-1.2246318,-0.9104375,1.1583225,-0.43265784,1.0116516,2.1557581,-0.7207543,0.7475866,-0.61301535,-0.37833652,-0.35207635,-0.12505126,-0.6356765,-1.0900863,0,PV
-0.49201414,1.5101013,-1.0557569,0.495606,1.0648353,-0.1078985,-1.2357819,-0.8986221,1.1898891,-0.4703586,1.0249118,2.1565187,-0.7344704,0.7303757,-0.5791384,-0.33904356,-0.37587428,-0.1470635,-0.6383206,-1.0978948,0,PV
-0.54368436,1.2698314,-1.2228943,0.779799,1.0814226,0.085793994,-1.2061076,-0.955753,1.127224,-0.41563195,0.99917567,2.1527972,-0.70555115,0.76356196,-0.6334354,-0.39072517,-0.3467018,-0.11051757,-0.63416255,-1.0944401,0,PV
-0.53732854,1.2685915,-1.2416177,0.7754007,1.0713993,0.12841304,-1.2091177,-0.95690274,1.115847,-0.41468513,1.0245954,2.176041,-0.73119915,0.68595153,-0.5821913,-0.3328979,-0.35288933,-0.1475427,-0.6460691,-1.0937985,0,PV
-0.51241356,1.5175096,-1.1028376,0.55510116,1.0361141,-0.07477541,-1.2158688,-0.90984696,1.1519412,-0.44492453,1.0078535,2.153146,-0.71578014,0.75456697,-0.60783076,-0.3600859,-0.37112454,-0.124511644,-0.636955,-1.0992787,0,PV
-0.5421444,1.2694409,-1.2264818,0.77098095,1.0784565,0.103834055,-1.215861,-0.9568935,1.124146,-0.40547836,1.154917,2.1884627,-0.7808139,0.41122806,-0.29671332,-0.0835041,-0.47158778,-0.3417099,-0.69120204,-1.0890759,0,PV
-0.38539737,1.6373906,-0.9340189,0.36430103,1.2948282,-0.10348243,-1.2629665,-0.8975137,0.86324495,-0.57638425,1.0215387,2.1612394,-0.7310805,0.7268284,-0.58530605,-0.3394975,-0.37656754,-0.14467426,-0.64104724,-1.0914338,0,PV
-0.5686318,1.5435327,-1.1116028,0.59877956,1.0134728,-0.030281805,-1.2453,-0.9247629,1.07067,-0.34587473,1.1956319,2.1733189,-0.8905578,0.29925662,-0.19892107,0.030105177,-0.48829582,-0.40464088,-0.70029736,-1.0155996,0,PV
-0.553564,1.4927225,-1.1450468,0.6424731,1.0267441,-0.029276403,-1.2139652,-0.928435,1.0957268,-0.38737908,0.9908847,2.1583848,-0.69776523,0.76051867,-0.6268526,-0.3693356,-0.3626605,-0.11435766,-0.63642436,-1.1023924,0,PV
-0.5843731,1.6568727,-1.0364841,0.4629088,0.94273424,-0.115846045,-1.2485378,-0.89424354,1.126221,-0.30925277,-0.47356418,0.835254,-0.0229488,1.4886826,-1.5061214,-1.364483,0.45323706,1.1598709,-0.189996,-0.37993124,0,PV
-0.33224994,1.6679813,-0.89758813,0.28900322,1.2740397,-0.11660401,-1.315899,-0.8912345,0.86964715,-0.5470949,0.5807026,2.1915796,-0.5676779,0.95495886,-0.92427,-0.67800415,-0.19832522,0.15618311,-0.5339323,-0.9812158,0,PV
-0.558182,1.4016768,-1.1753006,0.70097333,1.0500536,0.033624128,-1.2278391,-0.9438718,1.0978197,-0.37895414,-1.0184703,-0.48942956,0.49951416,1.1496615,-1.4645288,-1.3353074,0.800192,1.1494389,0.42944244,0.2794867,0,PV
-0.5530494,1.3986883,-1.1800982,0.6665339,1.0524284,0.05157019,-1.2426913,-0.93806523,1.110284,-0.36560073,1.0089315,2.155824,-0.7171325,0.75023746,-0.60466975,-0.35955986,-0.36965036,-0.12895936,-0.6394598,-1.0955617,0,PV
1.6253785,0.5138356,0.3621235,0.7072936,0.40537116,0.57512647,-1.4908864,-0.8063411,-1.336496,-0.55540425,1.1885319,2.180092,-0.85048336,0.31536996,-0.21504006,0.014648314,-0.50090754,-0.39889696,-0.7036591,-1.0296551,0,PV
-0.5610114,1.5909597,-1.0907823,0.59577507,0.9975983,-0.08454435,-1.2205015,-0.9185977,1.0648403,-0.37373522,0.933712,2.1909735,-0.68913805,0.7536231,-0.6597383,-0.3998602,-0.33352923,-0.07960191,-0.6355625,-1.0808779,0,PV
-0.31815696,1.668704,-0.89119065,0.2924835,1.2754464,-0.11186605,-1.3284912,-0.8928315,0.85521054,-0.5493056,-1.0384973,0.094074056,0.32428655,1.3385677,-1.4862924,-1.3306128,0.61054784,1.2799363,0.14592622,0.06206351,0,PV
1.7064594,0.03913088,0.53247154,0.81894267,0.0973997,0.71104366,-1.1091418,-0.6456563,-1.6486877,-0.5019596,0.9915466,2.1602216,-0.68863684,0.7506069,-0.611803,-0.34538686,-0.3807792,-0.11876171,-0.6372365,-1.1197697,0,PV
1.6645886,0.3234974,0.4265508,0.7671423,0.28781563,0.64168763,-1.3543019,-0.7417182,-1.4790803,-0.5361746,0.9906484,2.162178,-0.6872178,0.74908674,-0.61332846,-0.34667817,-0.3793136,-0.11930327,-0.63945764,-1.1166139,0,PV
-0.5597648,1.4689066,-1.1485462,0.6683927,1.0339315,-0.01598795,-1.2190106,-0.9349658,1.0896256,-0.3825806,1.0084289,2.1593914,-0.72005814,0.74176884,-0.59434754,-0.3457175,-0.37845337,-0.13248631,-0.6383826,-1.1001425,0,PV
1.1646876,1.1512244,-0.063775085,0.6085172,0.87126803,0.34711778,-1.8105143,-0.9733723,-0.6543437,-0.64081526,1.1972693,2.1721423,-0.8966567,0.29442525,-0.19458395,0.035191838,-0.4881976,-0.40733317,-0.70057607,-1.0116814,0,PV
-0.56217206,1.4528989,-1.1505021,0.68041813,1.037762,-0.00037615703,-1.2267859,-0.93967086,1.0858406,-0.37741145,0.50478685,2.1754673,-0.53276086,0.9823692,-1.0038992,-0.69806284,-0.17710435,0.23102733,-0.5336648,-0.9481597,0,PV
-0.59488374,1.6756335,-0.9570374,0.31170404,0.8996214,-0.2169068,-1.2350062,-0.8584965,1.2722194,-0.29684794,0.8877232,2.2048736,-0.6685856,0.77329797,-0.68153286,-0.41567555,-0.3328343,-0.057682067,-0.6394244,-1.0701597,0,PV
1.6740607,0.35258502,0.4401479,0.7748066,0.31473917,0.578349,-1.3833302,-0.78199965,-1.4213173,-0.54802513,1.143036,2.1808696,-0.7617152,0.46701133,-0.34716362,-0.120273314,-0.46296966,-0.30783245,-0.68205607,-1.1089072,0,PV
1.6765941,0.3353943,0.43740082,0.74561596,0.29298905,0.6217874,-1.3674754,-0.7518501,-1.4645929,-0.52585065,0.98054427,2.1672027,-0.70514375,0.75166655,-0.64284027,-0.38747305,-0.33529055,-0.10258246,-0.6355199,-1.0905627,0,PV
-0.48689312,1.5906879,-1.0040907,0.36007744,1.2368938,-0.12300494,-1.2031199,-0.88363844,1.0278457,-0.5147579,1.1124734,2.1942413,-0.72760564,0.50532526,-0.3952756,-0.16248225,-0.4468648,-0.28767458,-0.68161833,-1.110519,0,PV
-0.6230412,1.5514652,-0.7017195,-0.12113526,1.1559516,-0.5487192,-0.9501095,-0.7133864,1.5234017,-0.57270694,1.1811118,2.1804366,-0.8256728,0.35230678,-0.24656208,-0.021749765,-0.48963445,-0.37604144,-0.6984916,-1.0557035,0,PV
1.5833923,0.59119636,0.31688312,0.6998082,0.46774513,0.5519372,-1.557611,-0.82465404,-1.2689695,-0.5597319,1.1941359,2.1741953,-0.88561773,0.30398297,-0.20341757,0.02469677,-0.486654,-0.40156934,-0.69966304,-1.0200897,0,PV
1.6927487,-0.12157662,0.577294,0.86186606,-0.007412006,0.75152546,-0.95087135,-0.5822219,-1.730572,-0.49079072,1.1969416,2.1721816,-0.89491266,0.29753563,-0.19714831,0.031745557,-0.4868204,-0.40552047,-0.6999322,-1.014071,0,PV
1.7093158,-0.1898794,0.60917073,0.8807106,-0.05450014,0.73480463,-0.87336254,-0.59143794,-1.7309,-0.49392435,1.196572,2.1715577,-0.89320487,0.30342612,-0.20242703,0.027266357,-0.48460475,-0.40137306,-0.69954675,-1.0176656,0,PV
1.7159334,-0.14201254,0.593862,0.8794302,-0.02206075,0.72176594,-0.9190033,-0.6191374,-1.7046571,-0.50413126,1.1979753,2.1713521,-0.8990427,0.2946743,-0.19441368,0.035040118,-0.486996,-0.4071235,-0.70004565,-1.0114201,0,PV
-0.10431187,1.6505636,-0.792216,0.3947932,1.2909914,-0.058927212,-1.4544822,-0.95538163,0.6399733,-0.61100066,1.0235667,2.1667936,-0.7366212,0.708954,-0.5618848,-0.31976223,-0.38276166,-0.15622137,-0.6410068,-1.1010574,0,PV
-0.54624957,1.3459191,-1.2033365,0.7269037,1.0650837,0.04655022,-1.2065663,-0.94587666,1.123376,-0.4058028,0.9829349,2.1546311,-0.6985112,0.7754222,-0.6493328,-0.4144502,-0.33035696,-0.099671304,-0.6264635,-1.0942019,0,PV
-0.5387498,1.2740312,-1.2356433,0.76003087,1.073965,0.12268763,-1.2169374,-0.9550983,1.1208798,-0.40516478,1.031059,2.1597865,-0.74322885,0.7195353,-0.5749608,-0.33673015,-0.37327537,-0.15230559,-0.642027,-1.0878525,0,PV
-0.36336538,1.6439738,-0.930195,0.35947588,1.2925678,-0.08972245,-1.2836709,-0.8979189,0.8421843,-0.5733279,0.8237379,2.1570275,-0.6251241,0.89299387,-0.815263,-0.5567033,-0.2688611,0.026709374,-0.596948,-1.0375696,0,PV
-0.5501028,1.4283532,-1.1669621,0.6360515,1.0457221,0.035949763,-1.2493315,-0.93215805,1.112155,-0.35967657,0.47306168,2.1722248,-0.5354443,0.98992217,-1.0256572,-0.72397596,-0.15831424,0.25148642,-0.5154693,-0.9278332,0,PV
-0.5431528,1.2902775,-1.2217718,0.7337642,1.076713,0.10465712,-1.229784,-0.9499978,1.128141,-0.3888459,1.0059304,2.151427,-0.7165599,0.76142836,-0.6141297,-0.36812449,-0.36599517,-0.12205852,-0.63689226,-1.0950255,0,PV
-0.54103386,1.2675622,-1.2336944,0.77623785,1.0760821,0.11121894,-1.2105945,-0.9565246,1.1210885,-0.41034245,1.0163475,2.1625369,-0.7215628,0.72946984,-0.588529,-0.34582672,-0.37124184,-0.14455786,-0.63912237,-1.0975136,0,PV
-0.55045885,1.3225297,-1.2079674,0.73417854,1.0689433,0.07944518,-1.226357,-0.9484762,1.1164393,-0.38827738,1.0188333,2.1491802,-0.7333928,0.75160813,-0.59628296,-0.3594049,-0.3657684,-0.13391578,-0.6353771,-1.0954789,0,PV
0.995571,1.3299993,-0.17867012,0.5060123,0.9802499,0.23747125,-1.8291351,-1.0129282,-0.38404253,-0.6445457,1.1860775,2.1810763,-0.84139365,0.32532933,-0.2212427,0.0040812376,-0.5006717,-0.3949626,-0.70199776,-1.0362962,0,PV
-0.55937916,1.537065,-1.1159884,0.6292996,1.0144476,-0.05339368,-1.2193502,-0.92954,1.075562,-0.37872335,1.1194715,2.193342,-0.76940227,0.49377796,-0.3875354,-0.17072189,-0.42165408,-0.28236413,-0.6774241,-1.09749,0,PV
-0.54674584,1.3130863,-1.2127073,0.723291,1.0716765,0.09250284,-1.232357,-0.9479591,1.1230878,-0.38387522,1.0065447,2.1600664,-0.7040359,0.7411659,-0.60429364,-0.3504592,-0.37366357,-0.12916006,-0.6416265,-1.1045377,0,PV
-0.54937893,1.371801,-1.1914567,0.6800349,1.0589873,0.0658659,-1.2403193,-0.94118094,1.1165736,-0.37092635,1.0230305,2.1523502,-0.73914164,0.7405,-0.58687353,-0.34856486,-0.3693196,-0.1408011,-0.63592166,-1.0952582,0,PV
-0.54781574,1.3150265,-1.2090491,0.7541916,1.071023,0.065742835,-1.2106155,-0.9520291,1.1190215,-0.4054963,0.9030644,2.1494339,-0.6526186,0.8524126,-0.726883,-0.47107956,-0.32113072,-0.02941168,-0.6214783,-1.0823079,0,PV
-0.64120466,1.650322,-0.69356984,-0.13108706,1.0602977,-0.42706376,-1.1676247,-0.734665,1.4280748,-0.34347948,1.1572924,2.1853964,-0.77822083,0.4102376,-0.2962833,-0.07702684,-0.47402066,-0.34185696,-0.6909171,-1.0946001,0,PV
-0.5429334,1.269627,-1.2286363,0.7729652,1.0799626,0.09649935,-1.2097851,-0.95541203,1.1258861,-0.40817323,0.9935181,2.1626256,-0.696068,0.7473605,-0.60779095,-0.34420928,-0.38269153,-0.12242137,-0.6387647,-1.1115589,0,PV
-0.6232988,1.6559417,-0.840091,0.10371576,1.0000327,-0.3392515,-1.193439,-0.8210855,1.3594252,-0.3019493,-0.24041392,1.1835006,-0.16542774,1.4352012,-1.4813969,-1.3592366,0.33914274,1.0059843,-0.24040076,-0.4769524,0,PV
1.444945,0.8181996,0.18880035,0.70400995,0.65353715,0.42380634,-1.6928006,-0.9146815,-1.0139463,-0.61186755,1.1619862,2.181948,-0.788716,0.40860352,-0.3001046,-0.07190973,-0.47309726,-0.3374564,-0.6900063,-1.0912476,0,PV
-0.4008842,1.6345817,-0.94143176,0.37484157,1.2955341,-0.11173187,-1.2321306,-0.9119522,0.8735553,-0.5803791,1.1470177,2.1887884,-0.7751015,0.44626144,-0.3360031,-0.12362368,-0.45143956,-0.31875724,-0.68742317,-1.0897197,0,PV
0.41496512,1.5623811,-0.5421656,0.48241773,1.207686,0.082608104,-1.7112559,-1.0070227,0.16287467,-0.65249413,1.019784,2.1629577,-0.72602254,0.7216965,-0.5790648,-0.3350091,-0.37551013,-0.14632988,-0.6414932,-1.1010084,0,PV
0.029599853,1.6586596,-0.7368516,0.3661246,1.2713636,-0.026096834,-1.5445344,-0.9538689,0.54068846,-0.6050883,1.1521537,2.182199,-0.7812592,0.43740782,-0.32373866,-0.098392375,-0.46250734,-0.3217741,-0.68536776,-1.0987213,0,PV
0.17080675,1.658707,-0.6619151,0.34434623,1.233689,-0.0037440623,-1.6197281,-0.9708865,0.4550308,-0.6063129,0.95907736,2.1517134,-0.67370945,0.7978611,-0.66788304,-0.41217032,-0.34032393,-0.07853352,-0.62823164,-1.1077989,0,PV
-0.5505115,1.3332059,-1.203104,0.7342172,1.0668406,0.06874344,-1.2226106,-0.9492804,1.1139706,-0.39147148,0.9984289,2.142956,-0.7051442,0.7836161,-0.6469038,-0.405232,-0.34200725,-0.103686,-0.63026386,-1.0917633,0,PV
1.6963087,0.08959841,0.5159233,0.8134351,0.13018759,0.7044059,-1.1544511,-0.6584839,-1.6270077,-0.50990796,1.1974565,2.1718404,-0.8967891,0.2958109,-0.19565482,0.033657424,-0.4870787,-0.40650284,-0.7001179,-1.0126222,0,PV
1.7276213,0.11205186,0.5311958,0.81768346,0.14537853,0.6449897,-1.1620944,-0.7155064,-1.5725051,-0.52883047,1.196305,2.1717,-0.8912855,0.30574435,-0.2046136,0.02494065,-0.48404527,-0.4003192,-0.69926643,-1.0191602,0,PV
1.7022233,-0.23165998,0.6163524,0.8923883,-0.08175621,0.7452083,-0.8285661,-0.5767052,-1.746524,-0.49096447,1.1938591,2.1722205,-0.8818509,0.31858078,-0.21683593,0.013426728,-0.48069367,-0.39199114,-0.69857323,-1.0281427,0,PV
1.0958872,1.2671168,-0.107875146,0.51313055,0.92595565,0.2662309,-1.8249822,-1.0054818,-0.49343532,-0.6365545,-0.13663557,1.2200469,-0.18654718,1.4511764,-1.4917074,-1.324173,0.2994008,0.96861875,-0.2872362,-0.512943,0,PV
-0.5413553,1.2660184,-1.2334766,0.78099406,1.0762458,0.10944381,-1.2084857,-0.95720315,1.1204776,-0.41265905,1.0080829,2.155886,-0.7007306,0.7482392,-0.61392283,-0.36278737,-0.3660294,-0.12795863,-0.6347874,-1.1059917,0,PV
-0.5293273,1.4867191,-1.1397506,0.5974621,1.0330569,-0.044015937,-1.21239,-0.91563916,1.1410617,-0.41717675,1.011485,2.1567569,-0.71877545,0.74533916,-0.6009867,-0.35455453,-0.37163004,-0.13236684,-0.6384714,-1.0967951,0,PV
-0.53991807,1.2754607,-1.2325549,0.75552756,1.0753816,0.11887286,-1.2198799,-0.95444083,1.122916,-0.4013646,-0.70357007,0.52313215,0.18080515,1.4590518,-1.5422889,-1.3804002,0.47499746,1.2301829,-0.027662478,-0.2142482,0,PV
-0.53511244,1.2698964,-1.2453629,0.77335334,1.0694429,0.13497256,-1.2074715,-0.9573516,1.1143987,-0.4167655,0.99613476,2.1575618,-0.6953143,0.7540509,-0.6138052,-0.3569322,-0.375014,-0.11836519,-0.63595706,-1.1123592,0,PV
-0.5481463,1.3333018,-1.2038286,0.74166185,1.0671296,0.054205198,-1.2092171,-0.9493529,1.1194621,-0.40521625,1.0261732,2.163482,-0.73962116,0.7158357,-0.568694,-0.33023858,-0.37898692,-0.15332685,-0.6406105,-1.0940117,0,PV
-0.547518,1.3742806,-1.1927227,0.7088508,1.0585122,0.030203313,-1.2071276,-0.9423927,1.1212558,-0.40334126,-1.0166502,-0.82810277,0.5266996,1.1019182,-1.3595746,-1.2788149,0.83276564,1.0754987,0.5336339,0.41262615,0,PV
-0.5304708,1.4974562,-1.144206,0.5983362,1.0283115,-0.04162332,-1.2062961,-0.9165375,1.1317987,-0.4167686,-1.0080222,-0.76650184,0.5206469,1.0896246,-1.3957416,-1.2932401,0.82146186,1.0917734,0.5366299,0.4033692,0,PV
-0.544756,1.2761122,-1.2240728,0.77418303,1.0792122,0.08684682,-1.2075088,-0.9548015,1.1253898,-0.41060612,1.1197488,1.5258348,-0.7187441,-0.7720787,0.8614741,1.0768738,-0.8203124,-0.833665,-0.7239504,-0.7151809,0,PV
-0.5367384,1.639075,-1.0684627,0.51102674,0.95989156,-0.1277137,-1.205261,-0.8993866,1.1249195,-0.39735022,-0.7284979,0.44514367,0.2176424,1.4605029,-1.5448583,-1.379023,0.4773242,1.2407281,-0.0014450435,-0.18751799,0,PV
1.593481,0.5616283,0.3260213,0.71351475,0.4459084,0.56710756,-1.5281732,-0.8172434,-1.3001692,-0.5620613,1.0196074,2.1607883,-0.72615844,0.7282149,-0.58219963,-0.33947948,-0.37617528,-0.14609763,-0.639526,-1.0989738,0,PV
-0.5403031,1.3100132,-1.216219,0.7102801,1.0731181,0.09837159,-1.2340242,-0.9480747,1.130534,-0.38369742,1.0202512,2.15595,-0.7289644,0.73670936,-0.5854767,-0.3472284,-0.373635,-0.14087696,-0.6382314,-1.0984982,0,PV
-0.5453877,1.349041,-1.2010554,0.72694784,1.064908,0.04261259,-1.2037888,-0.94686294,1.1234572,-0.409872,1.0313164,2.1655984,-0.7430412,0.7077778,-0.5686443,-0.32822838,-0.37640834,-0.15819077,-0.6426585,-1.0875211,0,PV
-0.55428684,1.4221842,-1.1705884,0.64912516,1.0467309,0.040294945,-1.2456613,-0.9350215,1.1071436,-0.35992074,-1.0015744,-0.6603614,0.5175305,1.1273103,-1.429045,-1.3070799,0.81177294,1.1263635,0.4837927,0.33128968,0,PV
-0.5507285,1.3745018,-1.1886992,0.71779346,1.0573316,0.03310557,-1.212195,-0.94545513,1.1127247,-0.39837915,1.1516364,2.2008202,-0.8767258,0.26936746,-0.13510594,0.08827573,-0.5779105,-0.44706547,-0.71608645,-0.9572059,0,PV
-0.5358881,1.2869397,-1.2253894,0.72154397,1.0777934,0.11112207,-1.2310177,-0.9509714,1.1353339,-0.389466,1.0214955,2.1547167,-0.73041654,0.7353575,-0.5844238,-0.34054106,-0.37429783,-0.14126214,-0.6389962,-1.1016326,0,PV
-0.5633089,1.5719708,-1.101404,0.54678994,1.0062841,-0.04070173,-1.2584642,-0.91169876,1.0783597,-0.32782644,-0.3554979,1.0060726,-0.10393145,1.4675606,-1.4907144,-1.3614316,0.416811,1.0951328,-0.23455371,-0.43944833,0,PV
-0.48020554,1.6170127,-0.9807731,0.30996037,1.2371079,-0.14095587,-1.2103205,-0.87482613,1.0294237,-0.50642574,1.0567906,2.1862688,-0.74584657,0.62301856,-0.51769745,-0.2791624,-0.37725502,-0.1927194,-0.6571793,-1.096218,0,PV
-0.56132495,1.4680686,-1.1483128,0.62921363,1.0349056,0.015147442,-1.2478564,-0.9314156,1.0933697,-0.3517952,-1.00086,-0.74466085,0.5272865,1.1084211,-1.4041443,-1.292619,0.8198134,1.107717,0.5071796,0.3718658,0,PV
-0.6443265,1.6169276,-0.635151,-0.25933942,1.0671846,-0.46855202,-1.1084852,-0.6857917,1.5121297,-0.39459604,1.0147456,2.1684294,-0.72582227,0.7146212,-0.6078911,-0.3591316,-0.34355778,-0.13216566,-0.63924307,-1.0899844,0,PV
-0.5755312,1.6437722,-1.0513803,0.48404488,0.9640189,-0.09688518,-1.2528082,-0.8994546,1.1000338,-0.31581038,1.0757953,2.191296,-0.7526466,0.58337396,-0.47620502,-0.24642195,-0.39183605,-0.22296926,-0.66356623,-1.0968214,0,PV
0.9135957,1.38535,-0.2343264,0.4887971,1.0164496,0.21055384,-1.827692,-1.0163237,-0.29069597,-0.64570814,1.1970545,2.1723335,-0.89529145,0.29540527,-0.19557148,0.034118697,-0.48820573,-0.40676534,-0.7005206,-1.0125569,0,PV
1.7137973,0.16176459,0.50890046,0.8118602,0.18265387,0.63813406,-1.2152869,-0.72495973,-1.5477852,-0.5290834,1.1579188,2.1880808,-0.7844747,0.40470508,-0.29191887,-0.07939258,-0.47092018,-0.34560835,-0.6913646,-1.0870253,0,PV
-0.568497,1.6211809,-1.06619,0.4962436,0.976676,-0.082141474,-1.2596562,-0.89969134,1.0991769,-0.31710142,-0.054194108,1.5638578,-0.33732814,1.305507,-1.4647219,-1.1968999,0.22289164,0.8193616,-0.24789444,-0.6105797,0,PV
-0.53456867,1.2660499,-1.2556856,0.7846927,1.0670307,0.14137208,-1.1956742,-0.95743144,1.1102017,-0.42598662,1.1905137,2.1785502,-0.8617858,0.31000888,-0.21022503,0.019578869,-0.4981974,-0.4005411,-0.70304614,-1.024856,0,PV
1.5379168,0.6989496,0.26297152,0.67740506,0.5338614,0.5186279,-1.6122369,-0.8600591,-1.1795263,-0.57790637,1.1836814,2.1762986,-0.8449104,0.35312954,-0.25047785,-0.018346298,-0.47743404,-0.37145385,-0.6978288,-1.0526574,0,PV
-0.5386485,1.265928,-1.2428296,0.7821271,1.0715493,0.12642005,-1.2055489,-0.95694214,1.1151601,-0.4172147,1.1779883,2.1799865,-0.9018341,0.2164207,-0.097460136,0.15131246,-0.5935425,-0.47884423,-0.7322028,-0.9218246,0,PV
-0.48464426,1.4795249,-1.0502849,0.4898694,1.0862412,-0.10534214,-1.2418102,-0.90027916,1.2075721,-0.48084715,0.9860269,2.162278,-0.6859617,0.75419617,-0.6159982,-0.35910174,-0.37194696,-0.1170916,-0.63429606,-1.1181041,0,PV
-0.5543811,1.3898021,-1.1791971,0.71168494,1.0543166,0.030715,-1.2201488,-0.94568723,1.1029012,-0.39000565,1.1983695,2.1713479,-0.90039486,0.2914539,-0.19196749,0.03840697,-0.4883273,-0.40899822,-0.7007203,-1.0091703,0,PV
-0.5491903,1.3310535,-1.2036437,0.74298614,1.0679713,0.059493512,-1.2137803,-0.95041686,1.115805,-0.40027833,-0.26872042,1.1382312,-0.15499604,1.4503298,-1.4837527,-1.3665646,0.35007343,1.0243616,-0.22934246,-0.45962158,0,PV
1.2335807,1.093447,-0.0070990385,0.6104345,0.837222,0.34922832,-1.7978125,-0.9684124,-0.72562754,-0.6249666,-0.0071148323,1.6403656,-0.38593432,1.2794659,-1.4526075,-1.1256678,0.20942613,0.77072287,-0.26824272,-0.6604144,0,PV
-0.26991463,1.6630043,-0.87366974,0.32360026,1.285143,-0.090560794,-1.3665006,-0.90084654,0.79623663,-0.566491,0.44606984,2.2241642,-0.58883035,0.9466149,-0.98511654,-0.7052444,-0.14224735,0.21667406,-0.5068962,-0.9051874,0,PV
-0.16288637,1.6756173,-0.81850225,0.30971286,1.2759683,-0.07925798,-1.4361535,-0.91840833,0.72798264,-0.57407296,-1.0411559,-0.09390946,0.41227895,1.1624755,-1.5163349,-1.3842179,0.7853046,1.1957803,0.3063479,0.17343076,0,PV
-0.5455756,1.2898086,-1.2170027,0.7643848,1.0749818,0.0865889,-1.2161353,-0.9552651,1.1209619,-0.40274724,1.1717685,2.1849203,-0.8015261,0.3697076,-0.25949275,-0.03733373,-0.49523708,-0.36921072,-0.6967161,-1.0668808,0,PV
-0.36760864,1.6632632,-0.9114823,0.29201454,1.278354,-0.12685773,-1.2852114,-0.8869512,0.8913638,-0.5468869,0.5544175,2.170534,-0.52181697,0.97997016,-0.9770511,-0.6654031,-0.20701095,0.20286609,-0.55975085,-0.97675556,0,PV
0.77282447,1.4006217,-0.31285474,0.57616603,1.0929773,0.17129867,-1.8002515,-1.0237007,-0.20009542,-0.67698354,1.1607901,2.1813722,-0.7893252,0.41764876,-0.30918732,-0.0825206,-0.46666506,-0.33124754,-0.68910265,-1.0917633,0,PV
-0.53699404,1.2675047,-1.233002,0.780164,1.0747765,0.112411544,-1.2084105,-0.9588271,1.1199751,-0.4175985,1.1610051,2.1830206,-0.8012022,0.4145115,-0.3103979,-0.085838266,-0.45694113,-0.33070078,-0.6888702,-1.0845867,0,PV
0.82830054,1.3918661,-0.29098928,0.545876,1.0688643,0.18931864,-1.8103986,-1.0221716,-0.24094696,-0.65971696,1.1851209,2.178373,-0.85719645,0.33365795,-0.23230763,-0.0069318195,-0.47806722,-0.3816394,-0.69687176,-1.0441378,0,PV
1.6269426,0.42934644,0.39295685,0.7826872,0.36188155,0.5868072,-1.437886,-0.7771933,-1.3847533,-0.58079016,-1.0571134,-0.96955466,0.5726389,1.0008578,-1.2922658,-1.2536147,0.82862544,0.9968777,0.62105185,0.5524966,1,SST
-0.52547264,1.334665,-1.1931983,0.76587814,1.0579044,0.04534705,-1.212007,-0.9469729,1.117402,-0.44354534,1.1763326,2.1835515,-0.8120981,0.37911803,-0.27623928,-0.060374275,-0.4701109,-0.36864358,-0.68300426,-1.0685314,1,SST
-0.5778316,1.655639,-0.8884834,0.23875679,0.9366231,-0.2998263,-1.1975045,-0.84408945,1.3508872,-0.37417108,1.1798792,2.0281074,-0.9607603,0.32884824,0.11443227,0.35628706,-0.7301024,-0.742141,-0.786934,-0.78761715,1,SST
-0.59840053,1.5656838,-0.60907865,-0.3044497,1.1442816,-0.51881593,-1.0088468,-0.70168066,1.5419111,-0.5106044,0.22472538,1.6069813,-0.47769958,1.2884984,-1.4763032,-1.1036919,0.22115894,0.68560725,-0.2697421,-0.69953394,1,SST
-0.5395399,1.6430951,-0.7103776,-0.20915988,1.1038675,-0.50601625,-0.8549548,-0.7481504,1.4965012,-0.6752648,-0.4025885,0.8986215,-0.1181958,1.4418137,-1.5468506,-1.404235,0.5063668,1.0875207,-0.115161136,-0.34729138,1,SST
-0.5998593,1.5764223,-0.60078657,-0.30252028,1.1306299,-0.5185989,-1.0156448,-0.703028,1.5403148,-0.5069292,1.0115361,2.154397,-0.71926945,0.75501466,-0.6305511,-0.38707238,-0.3467999,-0.13001505,-0.6233511,-1.0838877,1,SST
-0.40264714,1.6530101,-0.8974457,0.32340842,1.2603223,-0.17562048,-1.2574027,-0.8750316,0.94743335,-0.5760241,1.0133325,2.168866,-0.72823524,0.7289111,-0.60916346,-0.3639019,-0.35633004,-0.14948827,-0.6251424,-1.0788488,1,SST
-0.38439366,1.64706,-0.89872,0.34830427,1.267794,-0.1478396,-1.2727174,-0.8839556,0.9130443,-0.5885796,1.2023281,2.1718616,-0.8960282,0.29676053,-0.20082814,0.023152482,-0.48018035,-0.41435614,-0.6874233,-1.0152872,1,SST
-0.59263235,1.6603088,-0.66912085,-0.11650396,1.0125401,-0.43122232,-1.1590092,-0.7393035,1.4646382,-0.42969504,-1.0162017,0.10914976,0.34011725,1.354469,-1.4842365,-1.332903,0.5924936,1.2827886,0.16952957,-0.015205587,1,SST
-0.6075986,1.628488,-0.7032562,-0.17550711,1.1160414,-0.519597,-0.86334056,-0.72767025,1.498545,-0.646105,-1.0175856,0.03524409,0.38472128,1.2989964,-1.4949623,-1.352264,0.65637124,1.2630713,0.19239384,0.034013703,1,SST
-0.57232475,1.6549447,-0.89469016,0.25196707,0.922414,-0.29910716,-1.2019079,-0.84345,1.3545088,-0.3723547,-0.9958815,-0.73176265,0.5278857,1.10974,-1.4104682,-1.298916,0.81447387,1.1088746,0.5060248,0.37003002,1,SST
-0.5530621,1.6662306,-0.965942,0.3955597,0.8490562,-0.20512292,-1.2287391,-0.8703482,1.2873883,-0.37501967,1.1433631,2.1782374,-0.76895154,0.5129156,-0.4046693,-0.18229727,-0.4308434,-0.29311538,-0.6702905,-1.0843488,1,SST
-0.59428895,1.5608989,-0.6224798,-0.30109185,1.1518844,-0.52086854,-0.99543715,-0.69908834,1.5431526,-0.5226818,1.1711558,2.1835008,-0.79881006,0.39819545,-0.29168555,-0.07360102,-0.47368085,-0.35906574,-0.67991555,-1.0760934,1,SST
-0.3542607,1.6324246,-0.7464372,-0.14076035,1.0542669,-0.48358846,-0.8770586,-0.8273271,1.5022632,-0.7595222,-0.26256004,0.92127883,-0.18837291,1.4622581,-1.5468861,-1.4124753,0.50527745,1.0504366,-0.1594529,-0.36950433,1,SST
-0.61611176,1.6119001,-0.7105119,-0.13153553,1.1195489,-0.52841425,-0.88498336,-0.72527295,1.5012844,-0.6359037,1.0400616,2.159882,-0.76295215,0.7119462,-0.5692655,-0.33233443,-0.36935163,-0.16786411,-0.62828845,-1.0818329,1,SST
-0.59357655,1.561189,-0.61949587,-0.30416074,1.1517869,-0.52250177,-0.9959931,-0.6988269,1.5433282,-0.5217491,-0.67541814,0.54755074,0.113297194,1.4189781,-1.5730256,-1.4048342,0.551085,1.1923755,0.037037984,-0.20704703,1,SST
-0.4469308,1.651365,-0.72118425,-0.2430385,1.0961016,-0.49957708,-0.8520053,-0.7716417,1.4916579,-0.7047471,-1.0220524,-0.3577286,0.4974484,1.1765933,-1.4820977,-1.3533026,0.78093255,1.1718175,0.3698836,0.21850559,1,SST
-0.5838265,1.6475954,-0.6766075,-0.08834494,0.9986542,-0.4297112,-1.1686485,-0.75051844,1.4784011,-0.42699367,0.9913243,2.165023,-0.7077854,0.75801235,-0.63675994,-0.3871011,-0.35525128,-0.122128524,-0.6247431,-1.0805902,1,SST
-0.5312165,1.4740512,-1.1311134,0.6959226,1.0231636,-0.02508677,-1.2214342,-0.9385958,1.0843997,-0.43008962,1.006187,2.1588223,-0.72154963,0.7535259,-0.62370217,-0.3745811,-0.36029026,-0.13008295,-0.626788,-1.0815401,1,SST
-0.51341367,1.3585467,-1.1763549,0.7133262,1.0546421,0.058235615,-1.236132,-0.94683367,1.1254243,-0.43744072,1.0146917,2.1650555,-0.7323245,0.734674,-0.60272664,-0.35730547,-0.36691913,-0.14661816,-0.63033617,-1.0781897,1,SST
-0.6108026,1.6292893,-0.7054339,-0.16979195,1.1143191,-0.5121555,-0.8653493,-0.7290766,1.4971322,-0.6481304,1.2015808,2.171589,-0.8978252,0.29835618,-0.20275784,0.022235524,-0.47713545,-0.4121211,-0.6868573,-1.0170639,1,SST
-0.5980511,1.5733554,-0.59661484,-0.31049058,1.118116,-0.512496,-1.0264273,-0.69546336,1.5524446,-0.504373,1.1912429,2.1784174,-0.8527238,0.3308068,-0.23216757,-0.011835023,-0.4793494,-0.39534232,-0.68571454,-1.0433358,1,SST
-0.346291,1.6317781,-0.7360501,-0.15481831,1.0562847,-0.47135106,-0.8811347,-0.83338594,1.5016611,-0.7666928,0.54227775,2.1178977,-0.7001361,0.9713152,-1.0747781,-0.8064078,-0.008987148,0.23411858,-0.3996656,-0.8756338,1,SST
-0.63314104,1.5387529,-0.6894983,-0.05135469,1.142523,-0.5545899,-0.98517287,-0.7129373,1.5250028,-0.5795848,1.0362257,2.162691,-0.7438084,0.713304,-0.581236,-0.34385437,-0.36676913,-0.16448973,-0.6283001,-1.0837628,1,SST
-0.59891385,1.5769012,-0.59771824,-0.30911815,1.1162565,-0.5137552,-1.0229161,-0.69530046,1.5510031,-0.50643873,1.0259881,2.160318,-0.7444671,0.730557,-0.6050937,-0.3657671,-0.3489373,-0.15183315,-0.62522334,-1.0755427,1,SST
-0.6175558,1.6011891,-0.7079292,-0.09329106,1.1234434,-0.55988854,-0.8984693,-0.72305566,1.4998506,-0.6242939,-1.0259202,-0.012221487,0.41060764,1.2483164,-1.4978608,-1.3644677,0.7204296,1.2439332,0.21029606,0.06688659,1,SST
-0.5763191,1.6461989,-0.8564247,0.18847683,0.9411176,-0.32495403,-1.1938962,-0.8338858,1.3900309,-0.3803446,1.1961993,2.1762576,-0.86778164,0.31711766,-0.21988225,0.0012484995,-0.48023754,-0.4036825,-0.68703365,-1.0322055,1,SST
-0.5944168,1.592265,-0.59109116,-0.32079515,1.0613123,-0.49199134,-1.0486848,-0.67978656,1.574117,-0.5009284,1.2051175,2.1685486,-0.91205454,0.28947484,-0.19404295,0.03196672,-0.47581622,-0.41712317,-0.6867065,-1.0093639,1,SST
-0.5998605,1.6572095,-0.59663457,-0.25344962,1.030717,-0.47184303,-1.1205425,-0.68070257,1.5008911,-0.46578494,1.2051682,2.168486,-0.91233885,0.28932112,-0.19389923,0.03213565,-0.47573578,-0.41716468,-0.68670046,-1.009272,1,SST
0.07624913,1.6596142,-0.6723718,0.3752737,1.232825,-0.07588926,-1.5717016,-0.9527349,0.5729944,-0.64425457,1.0041505,2.1579976,-0.7198854,0.75568837,-0.6292603,-0.3776221,-0.35509914,-0.12657127,-0.6269647,-1.0824324,1,SST
1.5871309,0.5451085,0.345532,0.7620605,0.43924713,0.5431425,-1.522204,-0.8120191,-1.2882893,-0.59969336,-0.79890084,0.43526843,0.14607307,1.4055823,-1.540188,-1.3703159,0.6016823,1.2351938,0.06747632,-0.18187182,1,SST
1.6999266,-0.03613382,0.55933625,0.8523974,0.049144514,0.7213923,-1.0366747,-0.6179281,-1.6826304,-0.5088312,1.2051737,2.1684813,-0.9123634,0.2893207,-0.1939037,0.032132883,-0.4757183,-0.417161,-0.6866964,-1.0092653,1,SST
-0.59274954,1.6651403,-0.6436619,-0.15443935,1.0168298,-0.44287187,-1.1549766,-0.724603,1.4687878,-0.43745562,1.2051308,2.16852,-0.91216326,0.28944483,-0.19401753,0.032003105,-0.47575393,-0.41709307,-0.6867014,-1.0093694,1,SST
-0.5406487,1.6045732,-1.0595886,0.59211886,0.9686194,-0.1069951,-1.2282268,-0.9149431,1.0941117,-0.40902025,1.0054204,2.158509,-0.71680164,0.75264424,-0.6274868,-0.3791327,-0.3500977,-0.13048856,-0.6258805,-1.0866861,1,SST
-0.6084172,1.6259084,-0.70359814,-0.1651897,1.1156152,-0.5241406,-0.86639065,-0.7280487,1.4992831,-0.64502203,1.0204775,2.1537993,-0.72398055,0.7472304,-0.62294114,-0.3791218,-0.3500679,-0.13938127,-0.62034243,-1.085672,1,SST
-0.5955667,1.67632,-0.65361136,-0.14791788,1.017973,-0.4346938,-1.1542406,-0.72674507,1.4531306,-0.4346482,-0.09622495,1.3854684,-0.3844011,1.3348153,-1.4998271,-1.2878908,0.4012003,0.86817336,-0.18927182,-0.5320411,1,SST
-0.62276953,1.5775049,-0.71266794,-0.065636046,1.1344064,-0.55905616,-0.9243103,-0.724577,1.5045475,-0.60744214,0.99158156,2.1632812,-0.7212702,0.7630368,-0.6482897,-0.41116333,-0.3354848,-0.11826494,-0.61622566,-1.0672015,1,SST
-0.6174378,1.6258183,-0.71361464,-0.15330245,1.1117755,-0.49052545,-0.8687434,-0.7346972,1.4969722,-0.6562447,1.1662898,2.1863413,-0.79623806,0.40376538,-0.29855862,-0.082522415,-0.46611133,-0.35506997,-0.6811161,-1.0767808,1,SST
-0.53766835,1.5945432,-1.0739151,0.59533054,0.98509383,-0.081724316,-1.2387553,-0.9149852,1.0729209,-0.4008393,0.99862564,2.1643674,-0.7192192,0.74977887,-0.6280225,-0.37740034,-0.35045508,-0.13015726,-0.6252775,-1.0822388,1,SST
-0.61253744,1.6241511,-0.70701313,-0.16286397,1.112071,-0.5136896,-0.87026584,-0.72596115,1.5025585,-0.6464485,1.2048228,2.1687708,-0.9110268,0.29023212,-0.19478923,0.03116391,-0.47579595,-0.4166243,-0.6867081,-1.0100453,1,SST
-0.6002323,1.5591818,-0.6410609,-0.24105293,1.1463492,-0.52989113,-0.9940919,-0.70351326,1.5407213,-0.5364093,0.5639746,2.1341095,-0.6968892,0.97128993,-1.0424147,-0.7750845,-0.0536307,0.20611802,-0.4181909,-0.8892818,1,SST
-0.6158573,1.607926,-0.7081996,-0.11419521,1.1198623,-0.54686046,-0.89012,-0.72378004,1.5014148,-0.63019085,1.0118487,2.1588295,-0.7291759,0.7485995,-0.6235625,-0.37661615,-0.3540285,-0.1346177,-0.62456393,-1.0767126,1,SST
-0.5953354,1.56598,-0.59652126,-0.30354747,1.1054733,-0.5054917,-1.0407861,-0.69401187,1.5656868,-0.5014459,1.0778066,2.1894891,-0.75749475,0.5922238,-0.49284866,-0.25596523,-0.38540366,-0.22725478,-0.6505224,-1.09003,1,SST
-0.3471973,1.6121271,-0.7163515,-0.09589653,1.040739,-0.4211962,-0.92489904,-0.8755148,1.5065715,-0.77838194,1.1830385,2.181022,-0.835014,0.35520083,-0.25654262,-0.03426973,-0.47396287,-0.37874037,-0.6832858,-1.0574466,1,SST
-0.44049272,1.6496791,-0.7265012,-0.23206201,1.0926324,-0.49058405,-0.856169,-0.77717984,1.4918346,-0.7111575,1.1691535,2.1882837,-0.804707,0.38604957,-0.2830391,-0.0702693,-0.46724498,-0.365633,-0.6825653,-1.0700269,1,SST
-0.608874,1.6309824,-0.7040299,-0.17856258,1.1142389,-0.5113255,-0.8613042,-0.7291261,1.4976909,-0.64968944,1.1889704,2.1782305,-0.8482033,0.3394171,-0.2407846,-0.018490093,-0.47611192,-0.38845548,-0.68461335,-1.0499585,1,SST
-0.5325386,1.5565946,-1.0983807,0.5990747,1.0015973,-0.048064146,-1.2491931,-0.9158716,1.0807645,-0.3939825,1.0044396,2.159321,-0.7162111,0.75333005,-0.6263521,-0.37627628,-0.35832918,-0.12799324,-0.62800014,-1.0839288,1,SST
-0.5161485,1.5147308,-1.1099558,0.60581374,1.0150008,-0.026419755,-1.2536594,-0.9220603,1.1038026,-0.41110414,1.026026,2.1600509,-0.74095833,0.72888005,-0.5985861,-0.36254355,-0.3574623,-0.14745165,-0.6266621,-1.0812936,1,SST
-0.6244314,1.5839332,-0.7096645,-0.07219751,1.1291004,-0.56157047,-0.9187634,-0.7209817,1.50514,-0.61056453,-1.026452,-0.18447258,0.46789598,1.1901598,-1.5010176,-1.3728156,0.77246845,1.1934166,0.30836922,0.15244801,1,SST
-0.5359907,1.5823601,-1.0800769,0.5987255,0.9922841,-0.068555795,-1.247026,-0.91372496,1.0704141,-0.39841035,1.2052035,2.16846,-0.9124699,0.28922993,-0.19381166,0.032224342,-0.47572908,-0.4172181,-0.6866988,-1.0091907,1,SST
-0.47836733,1.6528718,-0.7144695,-0.25429115,1.1023257,-0.5014854,-0.84868956,-0.7582959,1.4914916,-0.69108963,1.2051876,2.1684728,-0.91243213,0.28925073,-0.19383311,0.03220172,-0.47573525,-0.417206,-0.68669915,-1.0092081,1,SST
0.64118284,1.4940162,-0.36841944,0.51826257,1.1120214,0.09016145,-1.787933,-1.0067534,0.012684681,-0.7052181,1.2049294,2.1686997,-0.9114038,0.28990918,-0.19451019,0.03145753,-0.47575185,-0.4168132,-0.68670315,-1.0098134,1,SST
-0.6268431,1.5734811,-0.70986634,-0.080549255,1.1358302,-0.5559518,-0.9304125,-0.71807635,1.5107336,-0.59834576,1.2052056,2.1684587,-0.912479,0.289221,-0.19380212,0.032233372,-0.47573102,-0.4172235,-0.68669915,-1.0091833,1,SST
-0.59887844,1.6838548,-0.6466657,-0.1613867,1.0245785,-0.43546316,-1.1530962,-0.7198466,1.4435658,-0.4366622,-1.0043709,-0.76360637,0.53112763,1.0941507,-1.3964998,-1.2954944,0.8157332,1.0956233,0.52600384,0.3973327,1,SST
-0.346497,1.6245513,-0.72203445,-0.11970452,1.0478206,-0.46971703,-0.89352417,-0.8466427,1.5048032,-0.7790544,1.1852832,2.1806278,-0.8377772,0.34915808,-0.24948071,-0.030009415,-0.47512895,-0.3847587,-0.6830995,-1.0548134,1,SST
-0.35592768,1.6298921,-0.73445076,-0.12366133,1.0486103,-0.48166624,-0.88481474,-0.8343141,1.5040358,-0.7677046,1.2050834,2.1685483,-0.9120714,0.28954542,-0.1941207,0.031909667,-0.475725,-0.41702816,-0.6866944,-1.0094472,1,SST
-0.59761685,1.6256313,-0.58836037,-0.2938111,1.0220149,-0.483403,-1.0760654,-0.67675734,1.5595789,-0.49121094,1.0241283,2.1646163,-0.73392403,0.72437036,-0.5949949,-0.353256,-0.36668518,-0.15472466,-0.62696534,-1.0825657,1,SST
-0.5848757,1.6372099,-0.801393,0.09858443,0.9728122,-0.3572279,-1.1784556,-0.8217632,1.4263344,-0.3912253,1.0295259,2.1652744,-0.7447752,0.7180905,-0.58244574,-0.3461287,-0.36970344,-0.1625499,-0.62808883,-1.0791998,1,SST
1.6930927,0.015631108,0.54132104,0.8504633,0.085115336,0.71199673,-1.0885017,-0.63276875,-1.6579187,-0.5184266,1.0876466,1.8105506,-0.791542,-0.5781648,0.5339974,0.98494315,-0.787309,-0.76471764,-0.7542653,-0.74113894,1,SST
-0.541433,1.603519,-1.0651162,0.585817,0.97274673,-0.095345326,-1.234394,-0.913587,1.0881065,-0.40031406,1.0270362,2.1636078,-0.7392389,0.72576964,-0.59821063,-0.3586488,-0.36046967,-0.15648955,-0.6290146,-1.0743417,1,SST
-0.5408147,1.60233,-1.0648242,0.58674335,0.9737894,-0.09496732,-1.2350233,-0.9130981,1.0880562,-0.40219125,1.1329235,1.475008,-0.70456517,-0.78393084,0.90845066,1.0831379,-0.82407737,-0.83937174,-0.7269909,-0.72058415,1,SST
-0.53587335,1.4962324,-1.1270614,0.6664801,1.0172873,-0.023994979,-1.2326338,-0.9295191,1.0818664,-0.41278285,1.0303068,2.1679096,-0.73831445,0.7122477,-0.5866781,-0.34648496,-0.37002495,-0.16143663,-0.6288337,-1.0786911,1,SST
-0.36390325,1.6376171,-0.7430355,-0.16061215,1.0606691,-0.48978984,-0.87133175,-0.8184659,1.4999212,-0.7510693,-1.0004934,-0.6617092,0.5293449,1.1217059,-1.4290577,-1.3110807,0.8087474,1.1231216,0.48177102,0.33765006,1,SST
-0.4437703,1.6507901,-0.71926564,-0.22490907,1.0824223,-0.5115902,-0.8525471,-0.7721905,1.5002172,-0.70915705,0.94772136,2.1252904,-0.69128096,0.8583234,-0.7533851,-0.50320935,-0.27536184,-0.060444586,-0.58643496,-1.0612181,1,SST
-0.3641147,1.6367313,-0.7410109,-0.15407364,1.054957,-0.49649003,-0.87141985,-0.8174336,1.504544,-0.751689,0.8768284,2.2021585,-0.7067293,0.80269223,-0.71152085,-0.46645588,-0.29336613,-0.07508744,-0.5948206,-1.0336986,1,SST
-0.574364,1.6536803,-0.8956927,0.24982706,0.9266917,-0.29752812,-1.2019271,-0.8432454,1.3529885,-0.37043014,-1.0066959,-0.54718727,0.53021187,1.1801238,-1.4433932,-1.3187119,0.7938217,1.1534487,0.41170666,0.2466752,1,SST
-0.6004512,1.6889442,-0.6283965,-0.19077052,1.0305535,-0.4446626,-1.1492666,-0.70588607,1.442534,-0.44259825,1.204164,2.1693606,-0.90844965,0.29164606,-0.19618918,0.029614223,-0.4761807,-0.41583452,-0.6867904,-1.0113409,1,SST
-0.5004611,1.6462966,-0.71543574,-0.21379611,1.0958418,-0.5043821,-0.85530514,-0.7594688,1.4971305,-0.6904201,0.8612297,2.0889888,-0.65653235,0.9485361,-0.86479646,-0.6101784,-0.21372683,0.040072568,-0.54539156,-1.0482013,1,SST
-0.56607735,1.6615846,-0.9481737,0.34977877,0.8906387,-0.2370468,-1.2170538,-0.86292243,1.2983798,-0.3691077,1.1962893,2.1746092,-0.88174987,0.31258696,-0.21673422,0.008318388,-0.4750566,-0.40324724,-0.6860393,-1.0289772,1,SST
-0.5800251,1.6327329,-0.80076724,0.098261684,0.9640889,-0.3625062,-1.1803952,-0.8188591,1.4384842,-0.3910147,-1.0212044,-0.404704,0.49236166,1.1634649,-1.4784788,-1.3517196,0.789299,1.1544775,0.4086601,0.24784374,1,SST
-0.5413516,1.6072124,-1.0605805,0.57119465,0.9661225,-0.09908648,-1.2362682,-0.9110697,1.1013824,-0.39755625,1.0689002,2.182824,-0.75317,0.6252819,-0.52371734,-0.28455597,-0.37592146,-0.2089338,-0.64559025,-1.085118,1,SST
-0.53420806,1.5724372,-1.0854462,0.6097145,0.9952149,-0.06459396,-1.2423109,-0.91780174,1.0715202,-0.4045254,1.1643873,2.1869323,-0.7940491,0.40901095,-0.30158108,-0.08813465,-0.46520758,-0.3540801,-0.67963946,-1.077639,1,SST
-0.5714091,1.6472106,-0.8861985,0.23919684,0.92275465,-0.30632377,-1.2031155,-0.8388494,1.3714136,-0.37467957,1.1047009,2.1945057,-0.7687714,0.5307246,-0.43281826,-0.20512384,-0.40441108,-0.26731426,-0.6603099,-1.0911828,1,SST
1.5535991,0.6271458,0.30813685,0.7427321,0.49613494,0.51021475,-1.580716,-0.837336,-1.2133598,-0.6065581,1.0018843,2.1590233,-0.7239267,0.75664556,-0.638353,-0.38915178,-0.34338462,-0.1242514,-0.62170255,-1.0767844,1,SST
-0.32161996,1.6604041,-0.85851,0.32408258,1.2609833,-0.15198715,-1.3334645,-0.8829822,0.8866159,-0.58352184,1.025183,2.1726596,-0.7352414,0.69844586,-0.6034717,-0.34739333,-0.34282663,-0.15194505,-0.63038605,-1.0850252,1,SST
1.7027358,-0.060146723,0.56979233,0.8531667,0.032470625,0.72303116,-1.012845,-0.61030287,-1.6935023,-0.5043942,1.0048767,2.167242,-0.7243244,0.7298561,-0.63890976,-0.37778828,-0.3282409,-0.12569547,-0.62489676,-1.0821187,1,SST
1.6965358,-0.1382039,0.58643603,0.86915106,-0.018308315,0.74454,-0.93144166,-0.5827573,-1.7310545,-0.49489447,1.0094973,2.1653974,-0.73321086,0.7382627,-0.6120939,-0.3650103,-0.3581685,-0.14020081,-0.627635,-1.0768384,1,SST
1.69347,-0.15314445,0.5897876,0.87219685,-0.027930275,0.7494003,-0.9168354,-0.5751921,-1.738749,-0.49301773,0.99565786,2.1710188,-0.7339637,0.7447724,-0.6287566,-0.3841857,-0.34586617,-0.13114287,-0.62205476,-1.0654793,1,SST
-0.6238327,1.5969701,-0.71872795,-0.08122226,1.1200005,-0.5316689,-0.9020532,-0.72854877,1.5018145,-0.6327317,0.61870444,2.0813966,-0.6471446,1.0057862,-1.0745084,-0.73641056,-0.06955489,0.22878844,-0.46833187,-0.9387253,1,SST
-0.57967824,1.6212362,-0.80722195,0.117389806,0.96172994,-0.3592827,-1.1878706,-0.8190046,1.442941,-0.39023876,-0.99304,-0.7075004,0.5313766,1.1240679,-1.4147458,-1.301544,0.81086564,1.1230848,0.48705024,0.34038484,1,SST
-0.5922469,1.6013478,-0.58506656,-0.31878337,1.0488402,-0.4913605,-1.0566484,-0.68002784,1.572318,-0.49837252,1.1045848,2.1834464,-0.7651632,0.571327,-0.47394714,-0.24554713,-0.38945955,-0.24738607,-0.65363765,-1.0842166,1,SST
-0.5312545,1.4650589,-1.1358413,0.69590515,1.0253127,-0.016298395,-1.2253101,-0.9378999,1.0872513,-0.42692426,1.00101,2.16088,-0.7150852,0.75466263,-0.62812614,-0.37768745,-0.35887375,-0.12695587,-0.6270239,-1.0828004,1,SST
-0.5126598,1.3275635,-1.188219,0.73591346,1.0612915,0.07200178,-1.2319438,-0.95034873,1.1284957,-0.44209358,1.0353339,2.1583412,-0.7381367,0.7216512,-0.58764344,-0.351456,-0.36812812,-0.15431954,-0.62964946,-1.0859939,1,SST
-0.46167296,1.6489444,-0.71940076,-0.22145887,1.0921135,-0.50385934,-0.8555351,-0.7699291,1.4947764,-0.70397776,1.2012333,2.1714976,-0.8985764,0.29865512,-0.2034209,0.021788763,-0.47510618,-0.41127634,-0.6864008,-1.0183945,1,SST
-0.5328531,1.5357517,-1.1037612,0.62883353,1.0059744,-0.04269855,-1.243085,-0.9221418,1.0810586,-0.4070784,1.205192,2.1684675,-0.9124394,0.28925836,-0.19384497,0.03219615,-0.47571918,-0.4171965,-0.68669915,-1.0092151,1,SST
-0.532745,1.640639,-0.7159538,-0.18710764,1.0959014,-0.5010566,-0.8598768,-0.7554423,1.499176,-0.683535,1.021272,2.1644075,-0.7343727,0.7270052,-0.602372,-0.3598361,-0.3568372,-0.15055285,-0.6281726,-1.0805411,1,SST
-0.5416785,1.6033497,-1.0642276,0.5813009,0.9716414,-0.09496108,-1.2366158,-0.91248024,1.0917614,-0.39809114,1.0176103,2.1503842,-0.72305346,0.7572151,-0.63844764,-0.38873765,-0.3396764,-0.13520992,-0.6191735,-1.0809094,1,SST
-0.48259717,1.6476108,-0.7171623,-0.21763758,1.0919944,-0.50512105,-0.85484225,-0.7641899,1.4979898,-0.696044,1.0148826,2.1536965,-0.7178093,0.75484115,-0.63694555,-0.38834268,-0.34236553,-0.1353463,-0.62208337,-1.0805272,1,SST
-0.5983068,1.6372316,-0.5912818,-0.27594116,1.0252285,-0.47872716,-1.0977608,-0.6783665,1.5365852,-0.47866127,1.0687515,2.1751344,-0.7518433,0.6390347,-0.54093045,-0.30796432,-0.35068834,-0.19959807,-0.6390949,-1.092802,1,SST
-0.61992425,1.5907016,-0.7047727,-0.10119702,1.1225394,-0.5609789,-0.911921,-0.7155548,1.5121588,-0.61105037,1.0348781,2.1513054,-0.7529973,0.7362739,-0.5901712,-0.35463077,-0.36141768,-0.15607083,-0.6238612,-1.0833092,1,SST
-0.44744074,1.6489205,-0.7269019,-0.21448584,1.0900669,-0.49069566,-0.8597014,-0.7787529,1.4914219,-0.7124307,-0.19804019,1.1994016,-0.28783283,1.3868607,-1.5029681,-1.3534645,0.46257192,0.9691316,-0.189917,-0.48574483,1,SST
-0.559588,1.6646855,-0.9503582,0.3622001,0.87409353,-0.22919513,-1.2189466,-0.8663446,1.298977,-0.37552407,0.89618915,2.0763698,-0.632307,0.94908255,-0.85394937,-0.5665105,-0.24857141,0.027076684,-0.5835385,-1.0638433,1,SST
-0.5769419,1.618961,-0.8047025,0.10994656,0.95920074,-0.3630255,-1.1890126,-0.81633055,1.4503673,-0.3884623,1.0300272,2.170621,-0.7448018,0.70740074,-0.5902733,-0.34572005,-0.36032137,-0.1674719,-0.62346184,-1.0759997,1,SST
1.6938505,-0.087763764,0.570722,0.864599,0.01583509,0.7379109,-0.9862922,-0.5964031,-1.7100458,-0.5024181,1.1710075,2.185934,-0.8024305,0.38959944,-0.2834194,-0.07057477,-0.47108668,-0.36538386,-0.6814047,-1.0722419,1,SST
-0.5868725,1.6383101,-0.76719934,0.03974765,0.9830692,-0.37914997,-1.1745573,-0.8007441,1.4461596,-0.39876336,1.1339612,1.4828063,-0.7093797,-0.7657722,0.8956499,1.0846597,-0.827004,-0.8361945,-0.73228145,-0.7264451,1,SST
-0.35299164,1.6238536,-0.7198736,-0.1065236,1.0456923,-0.4698699,-0.89673233,-0.8472441,1.5043998,-0.78071153,0.5074759,2.0776885,-0.6823814,1.0163873,-1.1205702,-0.83767384,0.014053985,0.2745039,-0.38655958,-0.8629244,1,SST
-0.53425175,1.5630469,-1.0886806,0.634286,0.99871427,-0.06994286,-1.2306216,-0.9235835,1.0678899,-0.41685584,1.0248827,2.1622097,-0.7398152,0.730329,-0.6022779,-0.36102846,-0.36010015,-0.15295884,-0.626454,-1.074786,1,SST
-0.57407415,1.6508693,-0.8818726,0.22903034,0.9280895,-0.308106,-1.2007529,-0.8387192,1.3689259,-0.37339008,1.0299281,2.1635802,-0.7342953,0.7212572,-0.59554476,-0.35566494,-0.36201623,-0.15980664,-0.6264188,-1.0810192,1,SST
-0.53587145,1.5909004,-1.0757588,0.6042505,0.98796475,-0.0790232,-1.2372721,-0.9173219,1.0678332,-0.4057013,-1.0230362,-0.32906306,0.49122614,1.1804322,-1.4858459,-1.356602,0.7794872,1.1755935,0.35960367,0.20820515,1,SST
-0.540111,1.6073208,-1.0550289,0.55655926,0.9613607,-0.09937237,-1.2424104,-0.9078665,1.1151505,-0.39560184,1.1741285,2.1884692,-0.8175633,0.36425588,-0.26370695,-0.05157139,-0.4707797,-0.37739322,-0.68490946,-1.0609293,1,SST
-0.53847927,1.605762,-1.0583717,0.5915947,0.9684508,-0.107419275,-1.2273715,-0.9160246,1.0939204,-0.4120621,0.34524044,1.9645795,-0.6521846,1.0905323,-1.2808685,-0.9323026,0.122694194,0.43162486,-0.3186465,-0.7706682,1,SST
0.11910336,1.6472696,-0.6560884,0.39989415,1.2322891,-0.055966403,-1.593458,-0.9597134,0.52122754,-0.6545567,1.0174719,2.158243,-0.73104966,0.7427731,-0.6106266,-0.3680546,-0.35847154,-0.14135244,-0.62691814,-1.0820147,1,SST
-0.6287173,1.5797179,-0.7201329,-0.033127956,1.1225212,-0.55750257,-0.9186564,-0.72684145,1.503634,-0.62089473,1.1675708,2.187273,-0.7998737,0.39480457,-0.29011226,-0.07628614,-0.4671613,-0.36024985,-0.68147,-1.0744952,1,SST
-0.595308,1.5646104,-0.6159459,-0.3016518,1.1480787,-0.5192684,-1.0023669,-0.70170313,1.5409851,-0.5174298,1.0751374,2.191515,-0.76016736,0.592114,-0.49286857,-0.2562094,-0.38600925,-0.2266156,-0.6498588,-1.0870379,1,SST
-0.55806106,1.658582,-0.9363949,0.3366029,0.8703229,-0.24372442,-1.2227066,-0.85724974,1.3269128,-0.37428376,1.146682,2.1910496,-0.7844175,0.448902,-0.34754547,-0.13174589,-0.4403774,-0.32428718,-0.6734386,-1.0848219,1,SST
-0.56282747,1.6633902,-0.9590291,0.37038442,0.87841666,-0.22232634,-1.2210673,-0.8664612,1.2885767,-0.36905637,-0.9130063,0.32878175,0.2193615,1.3796003,-1.5127767,-1.3453791,0.6102369,1.2652707,0.11539597,-0.14748439,1,SST
1.6342784,0.45719403,0.40100995,0.8069309,0.389812,0.51490605,-1.4464786,-0.83336735,-1.3176966,-0.6065914,1.194285,2.1769953,-0.86509836,0.32056215,-0.22288842,-0.0018546795,-0.47954193,-0.40087232,-0.68622565,-1.0353603,1,SST
1.551024,0.6338441,0.30439276,0.74170583,0.50035226,0.50805473,-1.5840205,-0.839837,-1.2067745,-0.6087363,1.006477,2.167016,-0.7318514,0.73822457,-0.616696,-0.3718244,-0.35447192,-0.1355481,-0.6263648,-1.0749606,1,SST
0.3859081,1.5710702,-0.4784174,0.50792164,1.2097255,-0.044007387,-1.6951672,-1.0013269,0.24674578,-0.7024553,1.1933428,2.1771858,-0.86182505,0.3242476,-0.226132,-0.0047186376,-0.4794247,-0.3987412,-0.6859831,-1.0379515,1,SST
1.2319279,1.0612763,0.054659355,0.7084277,0.83017737,0.2576222,-1.7847265,-0.97761744,-0.6887768,-0.6929839,1.1896152,2.178741,-0.84457374,0.33931983,-0.23962443,-0.0198273,-0.47867367,-0.39084244,-0.6851993,-1.0489341,1,SST
-0.5147166,1.3338985,-1.18152,0.74113286,1.0592389,0.06371701,-1.2318726,-0.9500906,1.1252627,-0.44504946,1.1959627,2.175758,-0.8727333,0.31550062,-0.21816243,0.004450285,-0.47974432,-0.4037917,-0.6864697,-1.0307711,1,SST
1.6948352,-0.15481398,0.5904767,0.8715097,-0.029384866,0.7490911,-0.9149027,-0.57613397,-1.7384043,-0.4922869,1.2020302,2.1709154,-0.8995143,0.298896,-0.2033361,0.022257525,-0.47598,-0.41148937,-0.6866125,-1.0171665,1,SST
-0.38461876,1.6458654,-0.7361462,-0.21615799,1.0795809,-0.48522213,-0.8616003,-0.8002116,1.4935405,-0.73502916,1.1230148,2.185574,-0.76842695,0.52964014,-0.42878222,-0.2034542,-0.4116465,-0.2761813,-0.6635191,-1.0862185,1,SST
-0.59251314,1.6024902,-0.5826146,-0.31554252,1.0423989,-0.49012816,-1.063606,-0.6786313,1.5739952,-0.49584898,1.1857939,2.1794705,-0.8306971,0.35421705,-0.25178844,-0.032713857,-0.47868133,-0.38340068,-0.68395776,-1.058242,1,SST
-0.599349,1.6513834,-0.594066,-0.25673035,1.0284122,-0.4730352,-1.118789,-0.6807469,1.5100322,-0.46711123,1.1861749,2.180692,-0.8358805,0.34670243,-0.24510463,-0.027951859,-0.4793854,-0.3876919,-0.68418145,-1.0533738,1,SST
-0.6352719,1.5475057,-0.71429646,0.0012725907,1.1366779,-0.5600923,-0.9574059,-0.72817665,1.5096377,-0.5998512,1.0633907,2.1858163,-0.751204,0.6226906,-0.52496535,-0.28126636,-0.37487614,-0.20559993,-0.6450705,-1.0889155,1,SST
-0.5149572,1.3505714,-1.1768672,0.7251724,1.0559345,0.05944535,-1.2347806,-0.9482984,1.1240736,-0.44029373,1.1931186,2.177194,-0.8560995,0.32920787,-0.22978649,-0.008918809,-0.48081014,-0.39742848,-0.6862665,-1.0402113,1,SST
-0.6241439,1.5386738,-0.68122816,-0.083889015,1.1480983,-0.54599,-0.9918419,-0.71677667,1.5273687,-0.57027113,1.1910572,2.1788864,-0.8503436,0.331024,-0.23156476,-0.011943332,-0.4818367,-0.3964733,-0.6859769,-1.0428277,1,SST
-0.5832721,1.6421,-0.8640521,0.19496867,0.9523988,-0.31760305,-1.1977335,-0.8325099,1.3796096,-0.37390643,1.2050487,2.1685758,-0.9119438,0.28962398,-0.1941981,0.03184131,-0.47574565,-0.41699073,-0.68669903,-1.0095122,1,SST
-0.6187791,1.5950439,-0.70913696,-0.09447394,1.1274462,-0.56207323,-0.902447,-0.7203392,1.5028951,-0.6181358,-1.0073975,-0.58200556,0.5282443,1.1365014,-1.4463415,-1.3241094,0.80167544,1.1351278,0.45616338,0.30214155,1,SST
-0.5930793,1.661542,-0.70093274,-0.07161878,1.0047294,-0.41199887,-1.1647172,-0.7562513,1.4517229,-0.4193961,-1.0292269,-0.13494639,0.43397617,1.2102019,-1.5020059,-1.3762747,0.77012324,1.1921674,0.288735,0.14725,1,SST
-0.6087593,1.5554758,-0.65774626,-0.1792305,1.1468761,-0.5349041,-0.99328846,-0.7116334,1.532593,-0.5493828,-1.006907,-0.5887858,0.52777463,1.1368563,-1.444833,-1.322525,0.80201197,1.1342107,0.45770454,0.30449238,1,SST
-0.5847466,1.6261829,-0.7580763,0.033552513,0.9831777,-0.38758314,-1.1747489,-0.7986927,1.4632589,-0.40232408,-1.0177495,-0.43477872,0.5106275,1.167316,-1.4717035,-1.343971,0.785937,1.157961,0.40113667,0.24522474,1,SST
-0.12793161,1.66973,-0.7744236,0.34883943,1.2546129,-0.11230264,-1.4564514,-0.92042434,0.73449534,-0.6161438,1.0125114,2.162809,-0.7329628,0.7391312,-0.6088502,-0.35853174,-0.36597016,-0.14045264,-0.6274236,-1.0802613,1,SST
-0.6161792,1.6073103,-0.7103222,-0.118032515,1.1210642,-0.53800726,-0.89043695,-0.72472453,1.5014776,-0.63214886,1.1375185,2.1873446,-0.77474505,0.4869207,-0.3852765,-0.16419962,-0.42767638,-0.30131257,-0.668499,-1.0900763,1,SST
-0.5986155,1.5573069,-0.60719234,-0.2951258,1.1484033,-0.5218525,-1.0138354,-0.70396966,1.5447156,-0.5098347,-1.0280604,-0.032733195,0.424447,1.2250657,-1.4975239,-1.3684865,0.7458909,1.2398982,0.21487993,0.07662339,1,SST
-0.5460241,1.6265775,-1.0288475,0.50797313,0.9263916,-0.13327432,-1.2386007,-0.89705455,1.1719108,-0.38905355,1.1793048,2.1808085,-0.8129504,0.38000613,-0.2777473,-0.056320302,-0.47409075,-0.3681661,-0.6821987,-1.0686455,1,SST
-0.518511,1.5780613,-1.0771354,0.5666313,0.9963854,-0.064267434,-1.2586662,-0.9109588,1.0897464,-0.40128532,1.0304991,2.1661406,-0.75157183,0.7119657,-0.58100027,-0.34987098,-0.3611723,-0.15871957,-0.62635136,-1.0799197,1,SST
-0.43306294,1.7508602,-0.91154206,0.3447047,0.9741789,-0.25281712,-1.2159363,-0.8639062,1.1328856,-0.52536535,1.0221114,2.1657476,-0.7359831,0.72373796,-0.5919406,-0.34814847,-0.36883506,-0.15469462,-0.62980944,-1.0821859,1,SST
-0.592502,1.5627525,-0.62028795,-0.3024157,1.1520054,-0.5209829,-0.9969212,-0.70152617,1.5409406,-0.5210623,1.0050479,2.1645818,-0.7170909,0.7447363,-0.62387836,-0.3763761,-0.3515542,-0.13601698,-0.62941474,-1.0800351,1,SST
-0.44570157,1.623436,-0.9151323,0.331603,1.2334808,-0.19514754,-1.2233171,-0.87750673,1.0349705,-0.5666864,0.9792312,2.1404402,-0.692976,0.7977164,-0.70255923,-0.4283573,-0.30755633,-0.08054163,-0.61742604,-1.0879722,1,SST
-0.3759586,1.6400613,-0.7376853,-0.15565038,1.055837,-0.503844,-0.8689315,-0.8120007,1.5038078,-0.7456359,1.0108086,2.173005,-0.73824114,0.7253831,-0.6120022,-0.36340776,-0.3559294,-0.14726473,-0.6246758,-1.0676754,1,SST
-0.35488898,1.6301625,-0.73857987,-0.12403106,1.0491567,-0.4813455,-0.8837715,-0.8332609,1.5033305,-0.7667719,1.0369179,2.1656756,-0.7377518,0.7068136,-0.5758464,-0.3372637,-0.3742105,-0.1687009,-0.62841946,-1.0872153,1,SST
-0.47208568,1.7290491,-0.96224916,0.4015357,0.911202,-0.2340522,-1.1999356,-0.8668915,1.1784394,-0.4850112,1.0390928,2.1600375,-0.7557212,0.7145731,-0.57737815,-0.34335494,-0.3625107,-0.16652876,-0.6267239,-1.0814847,1,SST
-0.6184867,1.5908029,-0.70507556,-0.10212365,1.1234691,-0.56081253,-0.91127515,-0.7170124,1.5115234,-0.61100984,1.0215038,2.1623337,-0.7445212,0.731538,-0.5951326,-0.35585657,-0.36368978,-0.15110257,-0.62689704,-1.0781763,1,SST
-0.609862,1.5537099,-0.65814316,-0.17528334,1.1478678,-0.5356866,-0.9930869,-0.7125962,1.5327842,-0.54970354,0.98504025,2.156951,-0.7127307,0.7746302,-0.6625715,-0.42102706,-0.32273614,-0.10639691,-0.61377555,-1.0773846,1,SST
1.6253008,0.45814297,0.3878036,0.76894176,0.38110787,0.5680012,-1.4624823,-0.78867626,-1.3563015,-0.58185244,1.2050539,2.168571,-0.91197985,0.2896116,-0.19420125,0.031833384,-0.47571173,-0.41696212,-0.6867008,-1.0095137,1,SST
-0.61768967,1.5903006,-0.7055438,-0.10365593,1.1258229,-0.56067026,-0.91197205,-0.71756095,1.5103382,-0.60936886,-0.40094328,0.8807294,-0.10125273,1.4446936,-1.5493354,-1.4067132,0.5089705,1.0888934,-0.10210957,-0.36293325,1,SST
-0.5328158,1.5442575,-1.0984677,0.6378362,1.0036913,-0.05513516,-1.2343,-0.9246685,1.0752633,-0.4156611,1.139156,2.1894145,-0.7770574,0.47489432,-0.37551272,-0.15433116,-0.4292071,-0.30762386,-0.67077667,-1.088956,1,SST
-0.5969091,1.5569663,-0.6185259,-0.29745707,1.1501243,-0.5197809,-1.0040138,-0.70058066,1.5461202,-0.5159433,1.0998974,2.1918263,-0.76514256,0.54942626,-0.44972843,-0.22063895,-0.39974007,-0.2578483,-0.6575123,-1.0905385,1,SST
-0.5375063,1.5840454,-1.0779339,0.6000727,0.9899913,-0.0727305,-1.2453709,-0.9140914,1.0720023,-0.39847887,-1.0287713,-0.2519533,0.46378866,1.1781487,-1.4968193,-1.3700013,0.7820895,1.1765468,0.3513547,0.19561705,1,SST
-0.43006703,1.6482791,-0.7296271,-0.22210559,1.0889583,-0.48874572,-0.8589588,-0.782422,1.4922798,-0.71759075,1.1808797,2.1817677,-0.82086295,0.36621702,-0.26275277,-0.04579309,-0.4766044,-0.37623692,-0.6831635,-1.0634507,1,SST
-0.49478167,1.644038,-0.7214776,-0.21629138,1.1003574,-0.49217337,-0.85797775,-0.7626485,1.4944327,-0.6934774,1.1097933,2.1933224,-0.7694958,0.52728367,-0.4282883,-0.20346211,-0.40675008,-0.27234763,-0.6608409,-1.089214,1,SST
-0.5983198,1.616611,-0.5854149,-0.29501715,1.0283755,-0.48691493,-1.082851,-0.6725009,1.5628207,-0.48678806,1.0141869,2.164022,-0.72974676,0.73542386,-0.61362237,-0.36920238,-0.35531586,-0.13975385,-0.6280201,-1.077972,1,SST
-0.52947813,1.5514519,-1.0997845,0.64724344,1.0010716,-0.0745672,-1.2153127,-0.92683226,1.0753338,-0.42912623,1.0012182,2.157714,-0.7196001,0.76131254,-0.63144064,-0.3804742,-0.35824016,-0.1251603,-0.6258848,-1.0794444,1,SST
-0.5284374,1.642487,-0.71887726,-0.20816341,1.1042118,-0.49091145,-0.8584621,-0.7531153,1.4940679,-0.68280023,1.0123975,2.151908,-0.7225803,0.75791067,-0.62971365,-0.38682342,-0.3467806,-0.12710053,-0.6260299,-1.0831878,1,SST
-0.5954048,1.585954,-0.59433085,-0.31886822,1.0739474,-0.49701455,-1.0406598,-0.6809765,1.5725766,-0.5052238,1.0425323,2.1632295,-0.7520099,0.70668,-0.57711786,-0.33813104,-0.36932197,-0.16853823,-0.63120717,-1.0761154,1,SST
-0.6233034,1.5843986,-0.7121205,-0.07037616,1.1287543,-0.5602164,-0.9166493,-0.7219469,1.504591,-0.61313117,1.2050465,2.1685827,-0.9119661,0.28957483,-0.19417398,0.031868387,-0.47573462,-0.41699612,-0.686704,-1.0094978,1,SST
-0.5531263,1.6593162,-0.9802177,0.42066735,0.8634679,-0.19002458,-1.2291489,-0.87733364,1.2641363,-0.37773672,1.2052013,2.1684618,-0.9124654,0.28923154,-0.19381309,0.032221742,-0.47572905,-0.4172164,-0.686698,-1.0091935,1,SST
-0.58817965,1.6419933,-0.7732583,0.049446467,0.9852369,-0.37340066,-1.1732943,-0.8059513,1.4360709,-0.3986634,1.0050191,2.1642241,-0.72321284,0.74166924,-0.6159765,-0.36646354,-0.35668483,-0.13499478,-0.6269948,-1.0865854,1,SST
1.2474613,1.0624552,0.029468222,0.67421764,0.80379725,0.3373719,-1.783904,-0.9581388,-0.7331306,-0.67960095,1.2051872,2.1684883,-0.91231126,0.2893172,-0.19389805,0.032106224,-0.47575423,-0.41717684,-0.68669844,-1.0092603,1,SST
